Result,Goals For,Goals Against,Date,gameid,Team,Opponent,Player,Position,TOI,Goals,iXG,Assists,Primary Assists,Secondary Assists,Shot Attempts,Shots,Slot Shots,Rush Chances,Cycle Chances,Forecheck Chances,Rebound Chances,OZ Pass Attempts,Successful OZ Passes,Slot Pass Completions,Total Stretch Pass Attempts,Successful Stretch Pass Attempts,Scoring Chances Generated,Controlled Exits,Controlled Entries,OZ Time of Possession,Pct of Play in OZ,Pct of Play in DZ,Overall Contested LPR Recovery Rate,Player Goals Against,Shot Attempts Against,Shots Against,Slot Attempts Against,Slot Shots Against,OZ Pass Attempts Against,Successful OZ Passes Against,Successful Slot Passes Against,Rush Chances Against,Cycle Chances Against,Forecheck Chances Against,Rebound Chances Against,Penalties Taken,Penalties Drawn,xGF WOI,xGA WOI,xGF%
W,5,2,27/2/2021,46181,MIN,NH,Savannah Harmon,D,30.25,1,0.337,0,0,0,9,1,1,2,2,0,0,17,15,2,6,5,3,2,3,0.44,0.382,0.415,0.462,1,32,19,10,5,78,45,6,3,2,0,1,0,0,2.311,1.04,0.69
W,5,2,27/2/2021,46181,MIN,NH,Lee Stecklein,D,32.18,0,0.195,0,0,0,3,2,1,1,1,1,0,8,4,0,0,0,1,5,2,0.22,0.358,0.424,0.353,1,30,17,15,10,81,56,6,3,4,1,2,0,0,2.271,1.58,0.59
W,5,2,27/2/2021,46181,MIN,NH,Demi Crossman,D,28.29,0,0.022,0,0,0,4,2,0,0,0,0,0,2,1,0,1,0,0,1,0,0.05,0.352,0.42,0.111,1,31,17,14,10,67,40,6,4,3,1,1,0,0,2.102,1.395,0.601
W,5,2,27/2/2021,46181,MIN,NH,Margo Lund,D,14.56,0,0.063,0,0,0,3,2,0,0,0,0,0,3,1,0,3,1,0,2,0,0.05,0.339,0.454,0.286,1,15,10,4,2,43,23,2,0,2,0,0,0,0,1.026,0.336,0.753
L,2,5,27/2/2021,46181,NH,MIN,Jincy Dunne,D,21.56,0,0.17,0,0,0,5,0,0,0,2,0,0,11,7,1,3,1,1,6,0,0.26,0.474,0.327,0.556,1,19,13,9,6,32,23,3,4,2,0,2,1,0,1.117,1.228,0.476
L,2,5,27/2/2021,46181,NH,MIN,Kali Flanagan,D,29.39,0,0.079,0,0,0,6,2,0,0,0,0,0,12,10,1,0,0,1,8,1,0.28,0.433,0.358,0.385,2,32,20,17,9,74,55,7,5,7,6,2,0,0,0.817,1.923,0.298
L,2,5,27/2/2021,46181,NH,MIN,Megan Keller,D,34.31,0,0.07,0,0,0,3,0,0,0,0,0,0,7,3,0,7,4,0,3,1,0.19,0.371,0.403,0.167,3,44,27,19,12,100,72,10,6,8,6,2,0,1,1.221,2.396,0.338
L,2,5,27/2/2021,46181,NH,MIN,Jacquie Greco,D,12.28,0,0.013,0,0,0,2,2,0,0,0,0,0,2,1,0,0,0,0,2,0,0.04,0.364,0.417,0,1,23,10,7,4,43,30,2,2,3,0,0,0,1,0.298,1.184,0.201
L,2,5,27/2/2021,46181,NH,MIN,Codie Cross,D,21.26,0,0.246,0,0,0,8,3,0,0,1,0,1,9,6,1,1,0,1,6,4,0.3,0.443,0.374,0.429,3,26,18,12,9,51,32,4,3,4,0,2,0,1,1.273,2.085,0.379
L,3,4,28/2/2021,46182,MIN,NH,Sophia Shaver,D,26.57,0,0.052,0,0,0,7,3,0,0,0,0,0,9,6,2,2,2,2,1,2,0.2,0.448,0.297,0.6,1,18,9,7,4,37,16,2,3,2,2,0,1,0,2.099,0.721,0.744
L,3,4,28/2/2021,46182,MIN,NH,Savannah Harmon,D,31.59,0,0.164,0,0,0,7,1,0,0,1,0,0,18,13,0,2,1,0,2,1,0.37,0.457,0.324,0.273,1,25,11,14,8,66,43,5,4,6,4,0,0,0,2.29,1.368,0.626
L,3,4,28/2/2021,46182,MIN,NH,Lee Stecklein,D,31.24,0,0.076,0,0,0,3,0,0,0,0,0,0,14,11,1,1,1,1,5,0,0.26,0.314,0.48,0.412,3,37,17,17,11,107,71,9,1,11,4,1,0,0,1.318,2.23,0.371
L,3,4,28/2/2021,46182,MIN,NH,Demi Crossman,D,22.27,0,0.003,0,0,0,1,0,0,0,0,0,0,4,4,0,0,0,0,2,0,0.13,0.246,0.524,0.4,2,31,14,15,10,76,47,7,2,8,3,1,1,0,0.822,1.745,0.32
W,4,3,28/2/2021,46182,NH,MIN,Jincy Dunne,D,22.41,0,0.142,0,0,0,3,0,0,0,1,0,0,12,9,2,0,0,2,5,1,0.25,0.431,0.331,0.667,2,26,15,10,7,67,53,6,4,5,1,2,0,0,1.192,1.797,0.399
W,4,3,28/2/2021,46182,NH,MIN,Kali Flanagan,D,30.57,0,0.178,0,0,0,7,1,0,0,1,0,0,6,4,1,3,2,1,4,1,0.15,0.358,0.408,0.2,1,37,11,16,5,100,67,7,7,6,1,0,0,0,1.378,1.566,0.468
W,4,3,28/2/2021,46182,NH,MIN,Megan Keller,D,30.25,0,0.447,1,1,0,7,4,2,0,1,1,0,16,12,1,4,4,3,5,1,0.33,0.401,0.386,0.333,0,35,12,16,5,82,55,6,4,7,1,1,0,0,1.446,1.464,0.497
W,4,3,28/2/2021,46182,NH,MIN,Jacquie Greco,D,11.21,0,0.017,0,0,0,3,0,0,0,0,0,0,2,0,0,0,0,0,1,0,0.03,0.328,0.479,0.333,1,15,9,5,3,46,32,4,1,1,0,0,0,0,0.411,0.588,0.411
W,4,3,28/2/2021,46182,NH,MIN,Chelsey Goldberg,F,4.25,0,0,0,0,0,0,0,0,0,0,0,0,0,0,0,0,0,0,0,0,0,0.111,0.773,0,0,10,5,4,3,34,23,2,1,1,0,0,0,0,0,0.679,0
W,4,3,28/2/2021,46182,NH,MIN,Codie Cross,D,24.31,0,0.298,0,0,0,3,1,0,0,1,0,0,12,7,0,1,1,0,4,0,0.18,0.382,0.416,0.375,2,27,11,9,6,101,77,7,4,3,1,1,1,0,1.426,1.623,0.468
W,4,1,6/3/2021,46183,MIN,NH,Savannah Harmon,D,32.22,0,0.088,0,0,0,3,2,1,0,0,0,0,20,10,2,1,0,3,3,4,0.45,0.383,0.405,0.364,1,29,18,14,10,102,67,8,6,5,1,0,0,0,2.463,2.153,0.534
W,4,1,6/3/2021,46183,MIN,NH,Lee Stecklein,D,30.07,0,0.032,0,0,0,1,1,0,0,0,0,0,3,1,0,5,4,0,1,0,0.03,0.317,0.485,0.214,1,37,18,18,9,96,59,7,4,7,3,0,0,1,1.155,1.972,0.369
W,4,1,6/3/2021,46183,MIN,NH,Demi Crossman,D,23.46,0,0.028,0,0,0,2,0,0,0,0,0,0,3,2,1,3,1,1,0,0,0.07,0.285,0.472,0.333,0,30,17,14,7,66,39,9,4,4,3,0,0,0,0.76,1.317,0.366
W,4,1,6/3/2021,46183,MIN,NH,Maddie Rolfes,D,29.09,1,0.102,0,0,0,2,1,1,0,0,0,0,20,14,0,0,0,1,2,0,0.33,0.413,0.38,0.333,0,26,14,12,9,75,45,7,5,4,2,0,1,0,2.451,1.22,0.668
L,1,4,6/3/2021,46183,NH,MIN,Kali Flanagan,D,30.14,0,0.173,0,0,0,4,4,1,1,0,0,0,18,14,1,1,1,2,5,2,0.46,0.442,0.359,0.333,3,27,13,12,8,87,53,1,5,5,1,0,1,1,2.087,2.353,0.47
L,1,4,6/3/2021,46183,NH,MIN,Megan Keller,D,33,0,0.226,0,0,0,8,2,1,0,1,0,0,26,16,3,5,4,4,9,4,0.5,0.474,0.335,0.25,3,21,13,10,6,92,59,1,4,5,1,0,0,0,2.297,2.097,0.523
L,1,4,6/3/2021,46183,NH,MIN,Codie Cross,D,18.46,0,0.265,0,0,0,4,2,2,1,1,0,0,5,2,0,2,0,2,4,2,0.12,0.42,0.374,0.5,1,17,8,8,4,74,49,4,1,2,2,0,0,0,1.123,0.902,0.555
L,1,4,6/3/2021,46183,NH,MIN,Jincy Dunne,D,20.38,0,0.035,0,0,0,2,1,0,0,1,1,0,3,3,1,1,1,1,4,0,0.04,0.328,0.432,0.143,1,19,10,11,5,84,51,8,2,4,1,1,0,0,0.491,1.025,0.324
L,1,4,6/3/2021,46183,NH,MIN,Lillian Ribeirinha-Braga,D,17.57,0,0.018,0,0,0,1,0,0,0,0,0,0,5,2,0,3,1,0,2,1,0.08,0.398,0.365,0.438,0,15,10,7,5,67,45,6,0,4,1,1,0,0,0.63,0.949,0.399
W,6,2,7/3/2021,46658,MIN,NH,Savannah Harmon,D,26.47,0,0.192,1,1,0,9,3,0,1,1,0,0,9,4,1,2,0,1,2,1,0.33,0.452,0.353,0.273,0,16,5,5,2,58,39,6,2,0,0,0,1,0,2.597,0.54,0.828
W,6,2,7/3/2021,46658,MIN,NH,Lee Stecklein,D,35.59,1,0.095,0,0,0,4,2,0,0,1,0,0,17,12,1,1,1,1,2,0,0.25,0.39,0.403,0.368,1,35,17,15,4,122,96,16,5,2,0,1,0,0,2.43,1.967,0.553
W,6,2,7/3/2021,46658,MIN,NH,Demi Crossman,D,24.39,0,0.035,0,0,0,4,0,0,0,0,0,0,8,5,1,1,1,1,1,1,0.12,0.404,0.384,0.625,1,21,9,9,3,58,41,5,3,1,0,1,0,3,1.483,0.974,0.604
W,6,2,7/3/2021,46658,MIN,NH,Maddie Rolfes,D,30.07,0,0.083,2,1,1,6,3,0,0,0,0,0,12,9,1,0,0,1,1,2,0.27,0.367,0.44,0.467,2,30,16,12,8,104,79,12,3,2,0,2,0,0,1.937,1.657,0.539
L,2,6,7/3/2021,46658,NH,MIN,Kali Flanagan,D,30.4,0,0.163,0,0,0,6,4,0,0,0,0,0,18,13,1,0,0,1,7,1,0.49,0.403,0.406,0.125,5,37,24,21,13,119,82,8,7,10,3,3,0,0,1.499,2.752,0.353
L,2,6,7/3/2021,46658,NH,MIN,Megan Keller,D,28.46,0,0.122,0,0,0,6,3,0,0,0,0,0,22,17,2,6,2,2,7,3,0.53,0.402,0.408,0.308,2,28,14,12,5,102,65,5,2,5,2,0,0,0,0.947,1.178,0.446
L,2,6,7/3/2021,46658,NH,MIN,Codie Cross,D,22.24,0,0,0,0,0,0,0,0,0,0,0,0,13,10,1,1,1,1,4,1,0.24,0.366,0.441,0.167,0,28,16,14,9,84,57,7,8,3,0,3,0,0,0.853,1.609,0.346
L,2,6,7/3/2021,46658,NH,MIN,Jincy Dunne,D,17.56,0,0.009,0,0,0,2,1,0,0,0,0,0,6,5,0,0,0,0,4,0,0.15,0.368,0.443,0.286,3,23,17,15,14,63,40,8,9,1,2,4,0,0,0.646,2.261,0.222
L,2,6,7/3/2021,46658,NH,MIN,Lillian Ribeirinha-Braga,D,19.44,0,0.097,0,0,0,3,2,1,1,0,0,0,4,3,0,3,1,1,3,1,0.16,0.354,0.416,0.091,2,29,18,13,10,68,48,8,8,3,1,4,0,1,1.094,1.622,0.403
W,3,1,16/5/2021,47484,MIN,NH,Sophia Shaver,D,28.53,0,0.024,1,0,1,2,0,0,0,0,0,0,19,13,5,4,4,5,3,1,0.3,0.451,0.359,0.5,1,26,13,13,8,91,66,7,5,5,0,0,0,0,3.143,1.254,0.715
W,3,1,16/5/2021,47484,MIN,NH,Savannah Harmon,D,31.39,0,0.057,0,0,0,7,4,0,0,0,0,0,18,10,1,2,2,1,2,2,0.47,0.435,0.393,0.111,0,27,15,16,12,88,56,4,5,4,7,2,0,0,2.281,1.309,0.635
W,3,1,16/5/2021,47484,MIN,NH,Lee Stecklein,D,28.2,0,0.096,1,0,1,5,3,1,0,0,0,0,11,8,0,2,2,1,3,0,0.24,0.431,0.374,0.273,1,26,13,12,7,87,62,6,5,4,1,0,0,0,3.065,1.197,0.719
W,3,1,16/5/2021,47484,MIN,NH,Maddie Rolfes,D,30.17,0,0.281,0,0,0,6,2,0,1,1,1,0,15,10,1,2,0,1,0,3,0.39,0.413,0.412,0.273,0,27,15,15,11,84,52,3,5,3,8,2,0,0,2.17,1.251,0.634
L,1,3,16/5/2021,47484,NH,MIN,Gigi Marvin,D,25.19,0,0.014,0,0,0,2,1,0,0,0,0,0,9,5,1,1,1,1,3,2,0.19,0.405,0.419,0.286,1,22,15,13,9,75,46,7,3,5,2,1,0,1,0.655,2.021,0.245
L,1,3,16/5/2021,47484,NH,MIN,Kali Flanagan,D,32.41,0,0.138,0,0,0,6,1,0,1,0,0,0,18,13,1,1,0,1,0,1,0.48,0.393,0.438,0.3,2,45,22,22,7,102,71,13,8,7,3,1,0,0,1.762,3.51,0.334
L,1,3,16/5/2021,47484,NH,MIN,Megan Keller,D,31.17,0,0.378,0,0,0,7,3,2,2,1,1,1,15,11,1,1,1,3,5,2,0.34,0.395,0.419,0.308,3,41,21,15,6,94,61,10,3,6,2,2,0,0,1.578,3.45,0.314
L,1,3,16/5/2021,47484,NH,MIN,Jacquie Greco,D,15.11,0,0.021,0,0,0,2,0,0,0,0,0,0,1,0,0,0,0,0,1,1,0.02,0.353,0.471,0,0,22,9,10,4,70,51,9,2,5,3,0,1,0,0.253,1.155,0.18
L,1,3,16/5/2021,47484,NH,MIN,Jincy Dunne,D,22.04,0,0.015,0,0,0,2,0,0,0,0,0,0,14,12,2,0,0,2,2,2,0.34,0.375,0.42,0.333,0,23,13,8,6,62,42,6,4,0,0,0,0,0,0.851,0.873,0.494
W,4,2,17/5/2021,47485,MIN,NH,Savannah Harmon,D,27.04,0,0.272,1,1,0,8,4,1,0,2,1,1,27,22,2,3,3,3,3,3,0.59,0.524,0.313,0.429,1,17,12,8,6,52,35,3,3,2,1,1,0,0,2.342,0.708,0.768
W,4,2,17/5/2021,47485,MIN,NH,Lee Stecklein,D,33.49,0,0.045,0,0,0,6,4,0,0,0,0,0,18,16,1,0,0,1,2,1,0.36,0.453,0.362,0.429,1,27,16,13,9,95,63,8,5,5,2,2,0,0,2.397,2.144,0.528
W,4,2,17/5/2021,47485,MIN,NH,Sophia Shaver,D,26.42,0,0.01,0,0,0,1,0,0,0,0,0,0,8,3,1,2,2,1,1,2,0.12,0.411,0.399,0.25,2,26,17,14,11,87,58,7,4,5,3,3,0,0,1.536,2.407,0.39
W,4,2,17/5/2021,47485,MIN,NH,Demi Crossman,D,1.17,0,0,0,0,0,0,0,0,0,0,0,0,0,0,0,0,0,0,0,0,0,0.184,0.398,0,0,2,1,0,0,2,1,0,0,0,0,0,0,0,0.133,0.025,0.84
W,4,2,17/5/2021,47485,MIN,NH,Maddie Rolfes,D,27.02,0,0.157,1,0,1,8,2,1,1,1,0,0,12,7,1,3,2,2,4,1,0.31,0.531,0.303,0.286,0,14,10,5,4,56,37,2,2,2,0,0,0,0,2.519,0.314,0.889
L,2,4,17/5/2021,47485,NH,MIN,Gigi Marvin,D,24.27,0,0.321,0,0,0,3,1,0,0,0,0,0,3,2,0,0,0,0,1,0,0.08,0.265,0.585,0.167,2,55,27,31,18,131,100,7,9,16,4,1,0,0,0.86,3.096,0.217
L,2,4,17/5/2021,47485,NH,MIN,Jacquie Greco,D,19.17,0,0.008,0,0,0,1,0,0,0,0,0,0,0,0,0,1,1,0,0,0,0.01,0.311,0.492,0,2,31,19,17,11,79,56,7,4,8,4,1,0,0,0.538,1.799,0.23
L,2,4,17/5/2021,47485,NH,MIN,Kali Flanagan,D,35.54,0,0.144,1,1,0,6,2,1,0,1,0,0,14,11,0,2,2,1,5,3,0.44,0.354,0.47,0.167,2,53,29,23,15,132,91,13,9,8,1,0,1,0,2.232,2.403,0.482
L,2,4,17/5/2021,47485,NH,MIN,Megan Keller,D,32.06,0,0.084,0,0,0,3,2,1,0,0,0,0,17,12,2,2,2,3,11,6,0.32,0.385,0.436,0.143,2,33,16,17,11,113,77,12,5,6,2,0,1,1,1.548,1.671,0.481
L,2,4,17/5/2021,47485,NH,MIN,Jincy Dunne,D,10.16,0,0.009,0,0,0,1,1,0,0,0,0,0,2,2,0,0,0,0,2,0,0.05,0.307,0.516,0,0,17,12,7,4,43,31,1,1,5,1,0,0,0,0.42,0.666,0.386
W,3,2,24/5/2021,48265,MTL,TOR,Jaime Bourbonnais,D,22.46,0,0.08,0,0,0,3,1,1,0,0,0,0,13,10,2,2,1,3,3,1,0.23,0.32,0.505,0.286,0,47,24,30,15,85,57,8,8,10,2,5,0,0,1.688,2.863,0.371
W,3,2,24/5/2021,48265,MTL,TOR,Erin Ambrose,D,26.36,1,0.145,0,0,0,4,3,1,0,1,0,0,12,12,1,7,4,2,2,0,0.39,0.352,0.46,0.429,1,26,11,19,9,103,58,5,7,6,3,2,0,0,1.776,1.434,0.553
W,3,2,24/5/2021,48265,MTL,TOR,Lauriane Rougeau,D,23.5,0,0.236,0,0,0,4,1,0,0,2,1,0,12,7,1,4,2,1,1,0,0.18,0.402,0.398,0.429,1,30,15,15,9,69,44,4,6,1,4,1,2,0,1.722,1.359,0.559
W,3,2,24/5/2021,48265,MTL,TOR,Karell Emard,D,17.31,0,0.037,0,0,0,2,1,0,0,0,1,0,3,1,0,0,0,0,1,0,0.06,0.276,0.513,0.1,0,24,15,16,11,59,32,5,6,5,1,1,1,0,0.534,1.886,0.221
W,3,2,24/5/2021,48265,MTL,TOR,Catherine Daoust,D,17.22,0,0.026,0,0,0,1,0,0,0,1,1,0,2,1,0,0,0,0,0,0,0.06,0.332,0.508,0.308,1,31,19,18,11,75,53,5,6,6,1,3,0,0,0.716,1.762,0.289
W,3,2,24/5/2021,48265,MTL,TOR,Samantha Isbell,F,9.26,0,0,0,0,0,0,0,0,0,0,0,0,4,3,0,0,0,0,1,1,0.08,0.371,0.446,0.167,1,11,6,6,3,25,13,1,3,0,1,0,0,0,0.619,0.422,0.595
L,2,3,24/5/2021,48265,TOR,MTL,Jocelyne Larocque,D,25.44,0,0.047,1,1,0,4,3,0,0,0,0,0,11,9,1,3,2,1,3,2,0.23,0.467,0.337,0.556,1,20,10,13,6,64,36,5,1,5,2,1,0,0,2.335,1.336,0.636
L,2,3,24/5/2021,48265,TOR,MTL,Laura Fortino,D,21.58,0,0.027,0,0,0,2,1,0,0,0,0,0,20,17,1,4,3,1,2,1,0.47,0.453,0.365,0.167,2,26,18,17,12,66,50,13,4,7,1,1,0,0,1.799,1.767,0.504
L,2,3,24/5/2021,48265,TOR,MTL,Renata Fast,D,18.48,0,0,0,0,0,0,0,0,0,0,0,0,10,6,2,1,1,2,1,2,0.13,0.443,0.368,0.5,0,14,8,8,4,52,28,2,0,2,2,1,3,1,2.325,0.873,0.727
L,2,3,24/5/2021,48265,TOR,MTL,Ella Shelton,D,23.51,1,0.18,0,0,0,7,3,1,0,1,0,0,15,12,1,3,3,2,4,2,0.39,0.413,0.402,0.091,2,29,19,18,12,72,53,12,5,7,1,1,0,1,1.607,2.125,0.431
L,2,3,24/5/2021,48265,TOR,MTL,Claire Thompson,D,14.25,0,0.09,0,0,0,5,1,0,0,0,0,0,9,4,0,1,1,0,0,0,0.15,0.511,0.33,0.571,1,14,12,11,9,45,36,4,5,5,0,0,0,1,0.702,1.235,0.362
L,2,3,24/5/2021,48265,TOR,MTL,Ella Matteucci,D,11.44,0,0.021,0,0,0,3,0,0,0,0,0,0,3,1,0,3,1,0,0,0,0.05,0.49,0.296,0.333,0,11,9,8,6,32,27,3,3,4,0,0,0,0,0.356,0.561,0.388
L,1,6,25/5/2021,48266,CAL,MTL,Katelyn Gosling,D,21.25,0,0.118,0,0,0,3,0,0,0,1,1,0,6,2,1,1,1,1,1,1,0.09,0.428,0.398,0.2,0,24,13,10,4,58,36,5,5,3,1,0,0,0,1.495,1.033,0.591
L,1,6,25/5/2021,48266,CAL,MTL,Brigette Lacquette,D,24.5,0,0.228,0,0,0,7,3,1,0,0,0,0,5,3,2,3,1,3,4,1,0.15,0.353,0.469,0.222,4,39,21,22,14,70,46,6,9,6,1,3,1,1,0.886,2.775,0.242
L,1,6,25/5/2021,48266,CAL,MTL,Meaghan Mikkelson,D,24.28,0,0.326,0,0,0,5,1,1,0,0,0,0,8,4,1,1,1,2,2,1,0.09,0.446,0.377,0.545,1,27,15,11,5,66,39,7,7,1,0,2,1,0,1.598,2.336,0.406
L,1,6,25/5/2021,48266,CAL,MTL,Alexis Woloschuk,D,24.09,0,0.024,0,0,0,2,0,0,0,0,0,0,8,5,0,1,1,0,0,0,0.14,0.342,0.493,0.308,4,43,22,23,14,82,58,6,9,6,1,2,0,0,0.762,2.374,0.243
L,1,6,25/5/2021,48266,CAL,MTL,Megan Grenon,D,11.6,0,0.004,0,0,0,1,0,0,0,0,0,0,2,1,0,2,2,0,0,0,0.04,0.33,0.439,0,1,16,7,11,6,38,20,5,6,4,0,2,0,0,0.422,1.63,0.205
W,6,1,25/5/2021,48266,MTL,CAL,Jaime Bourbonnais,D,22.43,0,0.375,1,0,1,5,3,1,1,0,0,0,12,8,2,2,0,3,2,3,0.29,0.454,0.355,0.5,0,25,12,13,7,38,20,5,2,2,1,1,0,0,2.72,1.262,0.683
W,6,1,25/5/2021,48266,MTL,CAL,Erin Ambrose,D,26.13,0,0.09,0,0,0,6,3,0,0,0,0,0,9,5,1,2,1,1,1,2,0.26,0.395,0.43,0.444,1,22,8,8,5,60,30,1,4,2,1,1,0,0,2.922,0.943,0.756
W,6,1,25/5/2021,48266,MTL,CAL,Lauriane Rougeau,D,11.09,0,0.111,1,0,1,4,2,1,0,2,0,0,4,2,1,0,0,2,1,0,0.1,0.48,0.35,0.25,0,12,6,5,3,17,11,3,3,2,0,0,0,0,1.652,0.674,0.71
W,6,1,25/5/2021,48266,MTL,CAL,Karell Emard,D,22.2,1,0.121,0,0,0,2,1,1,0,1,0,0,2,1,0,1,0,1,1,0,0.01,0.396,0.417,0.167,1,16,7,6,4,49,26,2,2,3,1,0,0,0,1.061,0.615,0.633
W,6,1,25/5/2021,48266,MTL,CAL,Catherine Daoust,D,17.02,0,0.028,1,0,1,2,1,0,0,0,0,0,4,3,0,1,0,0,1,0,0.11,0.48,0.32,0.2,0,16,10,8,6,24,12,3,5,2,0,2,0,0,1.204,1.097,0.523
W,6,1,25/5/2021,48266,MTL,CAL,Samantha Isbell,F,16.51,0,0,0,0,0,0,0,0,0,0,0,0,5,2,0,1,1,0,1,1,0.06,0.393,0.412,0.4,0,24,8,10,5,42,21,4,2,1,1,0,0,0,1.57,1.047,0.6
L,3,8,26/5/2021,48267,CAL,TOR,Katelyn Gosling,D,20.27,0,0.03,1,1,0,3,0,0,0,0,0,0,5,5,1,1,1,1,3,0,0.2,0.307,0.529,0,5,40,23,26,16,106,85,12,9,11,0,1,0,0,1.038,4.037,0.205
L,3,8,26/5/2021,48267,CAL,TOR,Brigette Lacquette,D,21.44,0,0.136,0,0,0,8,4,1,0,0,0,0,5,3,1,5,2,2,5,1,0.21,0.343,0.466,0.125,2,24,16,14,8,80,51,13,5,4,3,0,3,0,0.823,2.884,0.222
L,3,8,26/5/2021,48267,CAL,TOR,Erica Kromm,F,15.47,0,0,1,1,0,0,0,0,0,0,0,0,2,2,1,1,1,1,0,0,0.03,0.236,0.567,0.25,1,24,17,18,13,81,61,9,4,10,3,0,1,0,0.11,2.21,0.047
L,3,8,26/5/2021,48267,CAL,TOR,Meaghan Mikkelson,D,20.49,1,0.136,0,0,0,1,1,0,0,0,0,0,3,1,0,0,0,0,2,2,0.09,0.244,0.576,0.667,2,36,17,23,11,112,86,17,7,11,4,1,2,0,0.522,3.366,0.134
L,3,8,26/5/2021,48267,CAL,TOR,Alexis Woloschuk,D,19.56,0,0.004,1,0,1,1,0,0,0,0,0,0,4,3,0,0,0,0,0,0,0.11,0.294,0.504,0.25,3,37,22,25,14,110,82,12,7,12,3,1,1,0,0.718,2.237,0.243
L,3,8,26/5/2021,48267,CAL,TOR,Megan Grenon,D,17.3,0,0.006,0,0,0,1,0,0,0,0,0,0,1,0,0,0,0,0,0,0,0,0.223,0.605,0.333,3,32,18,16,11,118,89,9,3,9,2,1,0,0,0.079,3.044,0.025
W,8,3,26/5/2021,48267,TOR,CAL,Jocelyne Larocque,D,19.25,0,0.084,1,0,1,2,1,1,0,1,1,0,12,8,1,0,0,2,4,2,0.31,0.49,0.284,0,2,10,7,3,3,37,16,1,2,1,1,0,0,0,2.313,0.494,0.824
W,8,3,26/5/2021,48267,TOR,CAL,Laura Fortino,D,22.34,0,0.498,0,0,0,6,4,2,1,2,1,0,25,23,1,2,2,3,3,1,1.12,0.492,0.345,0,1,16,5,5,2,48,35,2,2,1,0,1,0,0,4.159,0.786,0.841
W,8,3,26/5/2021,48267,TOR,CAL,Renata Fast,D,20.58,0,0.341,0,0,0,4,3,3,0,1,1,0,19,17,2,1,1,5,2,1,1.02,0.568,0.24,0.143,1,6,4,2,2,29,10,1,1,1,1,0,0,1,2.692,0.274,0.908
W,8,3,26/5/2021,48267,TOR,CAL,Ella Shelton,D,17.38,0,0.093,1,1,0,3,1,0,0,0,0,0,15,11,1,1,1,1,3,1,0.34,0.459,0.35,0.4,1,12,4,5,2,30,22,2,2,1,0,1,0,0,3.343,0.743,0.818
W,8,3,26/5/2021,48267,TOR,CAL,Claire Thompson,D,14.5,0,0.254,1,0,1,5,3,2,2,0,0,0,9,4,0,1,1,2,7,2,0.27,0.569,0.251,0.667,1,11,6,7,5,18,11,2,5,0,0,1,0,1,1.884,0.784,0.706
W,8,3,26/5/2021,48267,TOR,CAL,Ella Matteucci,D,13.44,0,0.015,1,0,1,3,2,0,0,0,0,0,4,4,0,0,0,0,0,0,0.11,0.591,0.232,1,0,8,4,5,4,17,11,2,3,0,0,1,1,0,2.037,0.411,0.832
L,3,4,27/5/2021,48268,MTL,TOR,Jaime Bourbonnais,D,25.06,0,0.092,1,1,0,1,0,0,1,0,0,0,13,8,0,1,0,0,2,1,0.23,0.48,0.352,0.5,0,20,11,12,9,69,47,5,5,4,3,1,0,2,1.917,0.924,0.675
L,3,4,27/5/2021,48268,MTL,TOR,Erin Ambrose,D,21.56,0,0.081,2,0,2,2,1,0,0,1,1,0,24,19,4,2,2,4,1,0,0.58,0.482,0.314,0,3,22,14,13,10,45,29,3,5,4,1,2,1,0,1.953,2.134,0.478
L,3,4,27/5/2021,48268,MTL,TOR,Lauriane Rougeau,D,19.43,0,0.085,0,0,0,3,3,1,1,0,0,0,4,2,0,2,2,1,3,2,0.16,0.35,0.426,0.2,1,17,11,10,7,83,60,6,5,3,2,0,1,0,0.441,0.818,0.35
L,3,4,27/5/2021,48268,MTL,TOR,Karell Emard,D,14.51,0,0.022,0,0,0,3,1,0,0,0,0,0,4,4,1,0,0,1,1,1,0.1,0.389,0.397,0.143,2,17,11,11,8,53,36,6,3,5,1,2,1,0,0.653,1.838,0.262
L,3,4,27/5/2021,48268,MTL,TOR,Catherine Daoust,D,16.15,0,0,0,0,0,0,0,0,0,0,0,0,3,3,0,1,1,0,0,1,0.04,0.3,0.458,0.333,1,13,9,9,7,69,48,7,4,4,2,0,0,0,0.339,0.875,0.279
L,3,4,27/5/2021,48268,MTL,TOR,Samantha Isbell,F,12.52,0,0.008,0,0,0,1,1,0,0,0,0,0,4,2,0,1,1,0,2,2,0.07,0.425,0.353,0,0,12,8,9,8,24,14,3,4,2,3,1,0,0,0.463,0.769,0.375
W,4,3,27/5/2021,48268,TOR,MTL,Jocelyne Larocque,D,18.37,0,0.023,0,0,0,3,1,0,0,0,0,0,5,1,0,2,1,0,3,2,0.14,0.351,0.457,0.167,2,25,18,12,7,74,55,5,5,3,2,0,1,1,1.007,1.533,0.397
W,4,3,27/5/2021,48268,TOR,MTL,Laura Fortino,D,21.34,0,0.085,1,0,1,3,3,1,0,1,0,0,16,12,1,2,1,2,6,3,0.35,0.36,0.456,0,1,21,14,12,8,76,47,8,2,4,2,0,0,0,1.431,1.566,0.477
W,4,3,27/5/2021,48268,TOR,MTL,Renata Fast,D,25.24,0,0.111,1,0,1,4,2,1,0,1,0,0,20,14,2,0,0,3,2,2,0.59,0.44,0.375,0.556,2,20,12,10,5,80,52,3,2,4,2,0,0,0,2.115,1.24,0.63
W,4,3,27/5/2021,48268,TOR,MTL,Ella Shelton,D,15.51,0,0.117,1,1,0,2,1,0,0,1,0,0,10,8,2,1,0,2,2,1,0.2,0.296,0.522,0.167,0,19,16,8,7,66,44,8,2,2,2,0,1,0,1.585,1.075,0.596
W,4,3,27/5/2021,48268,TOR,MTL,Claire Thompson,D,17.43,0,0,0,0,0,0,0,0,0,0,0,0,8,6,1,2,1,1,2,1,0.19,0.316,0.456,0.25,0,17,11,10,6,65,44,10,2,4,3,0,0,0,0.714,1.774,0.287
W,4,3,27/5/2021,48268,TOR,MTL,Ella Matteucci,D,14.48,0,0.019,0,0,0,2,0,0,0,0,0,0,3,1,0,0,0,0,0,0,0.04,0.281,0.478,0,0,10,6,5,3,61,40,6,0,3,3,0,0,0,0.614,0.836,0.423
L,3,4,28/5/2021,48269,CAL,MTL,Katelyn Gosling,D,23.14,0,0.332,0,0,0,4,3,1,1,0,0,0,6,4,0,3,2,1,1,1,0.15,0.363,0.447,0,2,27,15,20,13,90,63,14,9,7,5,1,0,0,2.036,2.547,0.444
L,3,4,28/5/2021,48269,CAL,MTL,Brigette Lacquette,D,26.46,0,0.209,0,0,0,8,1,1,0,2,1,0,16,9,0,3,0,1,2,2,0.33,0.4,0.401,0.571,2,25,14,18,11,77,50,13,8,4,6,1,1,1,1.754,2.059,0.46
L,3,4,28/5/2021,48269,CAL,MTL,Erica Kromm,D,22.46,0,0.023,0,0,0,1,0,0,0,0,0,0,6,2,0,0,0,0,0,0,0.05,0.296,0.517,0,1,35,20,16,10,86,51,8,2,7,2,1,0,0,0.502,2.326,0.178
L,3,4,28/5/2021,48269,CAL,MTL,Meaghan Mikkelson,D,30.13,0,0.056,2,1,1,4,2,0,0,0,0,0,24,20,1,4,2,1,3,0,0.55,0.398,0.422,0.375,0,32,17,16,9,94,60,6,2,7,3,0,1,0,1.3,1.349,0.491
L,3,4,28/5/2021,48269,CAL,MTL,Alexis Woloschuk,D,9.24,0,0.003,1,0,1,1,0,0,0,0,0,0,3,1,0,0,0,0,0,0,0.05,0.432,0.373,0,2,7,6,6,5,27,16,1,1,1,1,1,0,0,0.566,0.917,0.382
L,3,4,28/5/2021,48269,CAL,MTL,Megan Grenon,D,7.35,0,0.033,0,0,0,1,0,0,0,1,0,0,0,0,0,1,1,0,0,0,0.01,0.365,0.432,0.333,1,8,4,8,4,22,14,2,2,2,1,0,0,0,0.37,0.46,0.445
W,4,3,28/5/2021,48269,MTL,CAL,Jaime Bourbonnais,D,25.1,0,0.259,0,0,0,3,1,1,0,2,1,0,13,8,1,0,0,2,3,1,0.38,0.374,0.441,0.333,0,27,13,16,11,93,56,2,7,5,1,3,0,0,1.141,1.659,0.408
W,4,3,28/5/2021,48269,MTL,CAL,Erin Ambrose,D,25.44,0,0.037,1,0,1,4,2,0,0,0,0,0,21,16,2,2,1,2,4,1,0.49,0.476,0.353,0.5,1,22,8,11,5,58,35,3,6,3,1,2,0,0,2.823,1.1,0.72
W,4,3,28/5/2021,48269,MTL,CAL,Lauriane Rougeau,D,21.06,0,0.103,0,0,0,2,1,1,0,1,0,0,10,8,1,1,0,2,0,0,0.18,0.398,0.438,0.167,3,23,14,14,11,95,66,5,4,8,1,2,0,0,1.301,1.451,0.473
W,4,3,28/5/2021,48269,MTL,CAL,Karell Emard,D,13.45,0,0,0,0,0,0,0,0,0,0,0,0,2,1,0,1,1,0,2,0,0.01,0.4,0.38,0.4,1,15,8,7,4,32,16,3,3,2,1,2,2,0,1.77,0.887,0.666
W,4,3,28/5/2021,48269,MTL,CAL,Catherine Daoust,D,16.38,0,0.066,0,0,0,2,0,0,0,1,0,0,5,4,1,2,1,1,2,1,0.15,0.466,0.324,0.4,1,13,6,9,5,40,27,3,6,2,1,1,0,0,1.122,0.621,0.644
W,4,3,28/5/2021,48269,MTL,CAL,Samantha Isbell,D,12.4,0,0.019,0,0,0,1,0,0,0,0,0,0,5,5,1,1,0,1,1,1,0.1,0.418,0.325,1,0,9,5,6,4,28,14,2,3,0,1,2,0,0,0.794,0.827,0.49
W,3,2,29/5/2021,48270,CAL,TOR,Katelyn Gosling,D,24.59,0,0.165,0,0,0,5,2,1,0,1,1,0,4,1,0,3,2,1,0,1,0.09,0.289,0.505,0,1,44,25,24,19,110,75,8,3,9,4,4,1,0,1.335,2.402,0.357
W,3,2,29/5/2021,48270,CAL,TOR,Brigette Lacquette,D,26.49,0,0.084,0,0,0,8,1,0,0,0,0,0,10,8,0,3,1,0,4,1,0.2,0.373,0.43,0.333,1,33,10,12,8,90,54,4,2,2,3,1,1,0,1.566,1.406,0.527
W,3,2,29/5/2021,48270,CAL,TOR,Erica Kromm,D,19.32,0,0.021,0,0,0,4,0,0,0,0,0,0,5,4,0,1,1,0,1,0,0.11,0.318,0.488,0.2,1,28,12,17,9,94,68,7,5,8,1,3,0,0,0.349,1.431,0.196
W,3,2,29/5/2021,48270,CAL,TOR,Meaghan Mikkelson,D,16.25,0,0.008,0,0,0,2,0,0,0,0,0,0,9,4,0,2,2,0,3,1,0.13,0.366,0.474,0.333,1,25,12,14,10,81,56,4,3,6,1,1,1,0,0.501,1.247,0.287
W,3,2,29/5/2021,48270,CAL,TOR,Alexis Woloschuk,D,14.43,0,0.04,0,0,0,2,0,0,0,0,0,0,4,1,0,0,0,0,0,0,0.04,0.274,0.577,0,0,29,16,17,12,82,60,7,1,8,2,2,0,0,0.261,1.429,0.154
W,3,2,29/5/2021,48270,CAL,TOR,Megan Grenon,D,7.06,0,0.064,0,0,0,1,0,0,0,1,0,0,1,0,0,0,0,0,1,0,0.01,0.322,0.511,0,0,12,9,8,6,35,28,6,2,3,0,0,0,0,0.216,0.651,0.249
L,2,3,29/5/2021,48270,TOR,CAL,Jocelyne Larocque,D,22.13,0,0.107,0,0,0,7,2,0,0,0,0,0,13,12,1,1,1,1,4,3,0.45,0.458,0.349,0.4,0,15,7,3,2,49,26,0,1,1,0,0,0,0,1.094,0.349,0.758
L,2,3,29/5/2021,48270,TOR,CAL,Laura Fortino,D,21.53,0,0.019,1,0,1,1,0,0,0,0,0,0,26,22,1,5,3,1,3,1,1.05,0.5,0.335,0.25,3,23,13,14,10,56,40,5,4,4,2,3,0,0,1.954,1.859,0.513
L,2,3,29/5/2021,48270,TOR,CAL,Renata Fast,D,23.1,0,0.06,0,0,0,6,1,0,0,0,0,0,20,17,2,0,0,2,4,1,0.47,0.478,0.324,0.417,0,15,9,4,3,45,24,0,1,1,0,1,0,0,1.475,0.607,0.709
L,2,3,29/5/2021,48270,TOR,CAL,Ella Shelton,D,21.31,1,0.263,1,0,1,6,4,3,0,2,0,0,19,18,2,3,2,5,1,1,0.57,0.496,0.322,0.25,2,19,9,11,7,55,39,4,3,4,2,2,0,0,1.951,1.418,0.579
L,2,3,29/5/2021,48270,TOR,CAL,Claire Thompson,D,18.57,0,0.198,0,0,0,7,2,1,1,2,0,1,12,7,1,0,0,2,2,3,0.37,0.521,0.29,0.833,0,13,5,1,1,33,26,3,0,0,0,0,0,0,1.691,0.175,0.906
L,2,3,29/5/2021,48270,TOR,CAL,Ella Matteucci,D,12.25,0,0.02,0,0,0,2,0,0,0,0,0,0,5,3,0,1,1,0,1,0,0.08,0.392,0.406,0.5,1,15,5,3,3,36,29,4,1,0,0,0,1,1,0.824,0.34,0.708
W,4,2,30/5/2021,48531,MTL,TOR,Jaime Bourbonnais,D,24.49,0,0.028,0,0,0,2,0,0,0,0,0,0,6,2,0,3,3,0,1,1,0.12,0.348,0.451,0.25,0,27,12,13,8,51,21,2,6,1,2,0,0,0,2.093,0.976,0.682
W,4,2,30/5/2021,48531,MTL,TOR,Erin Ambrose,D,28.02,0,0.024,0,0,0,4,1,0,0,0,0,0,12,8,1,3,3,1,1,0,0.31,0.384,0.384,0.143,1,30,14,12,7,60,38,4,7,4,0,0,0,0,0.887,1.252,0.415
W,4,2,30/5/2021,48531,MTL,TOR,Lauriane Rougeau,D,27.03,0,0.02,0,0,0,2,0,0,0,0,0,0,6,3,0,2,2,0,1,0,0.16,0.316,0.456,0.091,1,33,13,7,2,78,44,5,3,1,0,0,0,0,1.359,0.826,0.622
W,4,2,30/5/2021,48531,MTL,TOR,Karell Emard,D,15.52,0,0.035,1,0,1,2,2,1,0,0,0,0,2,0,0,3,1,1,1,1,0.02,0.349,0.43,1,1,21,13,7,5,49,34,3,3,2,1,0,1,0,2.432,0.704,0.776
W,4,2,30/5/2021,48531,MTL,TOR,Catherine Daoust,D,20.53,0,0.062,0,0,0,2,2,1,1,0,0,1,8,4,0,3,1,1,1,0,0.14,0.379,0.388,0,1,22,12,12,7,41,15,2,5,0,1,0,1,0,0.655,0.803,0.449
W,4,2,30/5/2021,48531,MTL,TOR,Samantha Isbell,F,8.07,0,0.015,1,0,1,1,0,0,0,0,0,0,4,2,1,0,0,1,3,2,0.12,0.382,0.422,0.2,0,12,5,5,2,23,13,0,2,1,1,0,0,0,0.473,0.372,0.56
L,2,4,30/5/2021,48531,TOR,MTL,Jocelyne Larocque,D,22.27,0,0.095,1,1,0,4,2,0,0,0,0,0,8,3,0,1,0,0,3,2,0.14,0.405,0.36,0.308,2,23,14,11,8,44,26,5,7,1,1,5,0,0,0.667,1.53,0.304
L,2,4,30/5/2021,48531,TOR,MTL,Laura Fortino,D,18.3,0,0.01,0,0,0,1,0,0,0,0,0,0,6,4,2,2,2,2,2,0,0.09,0.375,0.4,0,1,16,8,5,3,32,21,2,2,0,1,0,0,1,0.812,0.841,0.491
L,2,4,30/5/2021,48531,TOR,MTL,Renata Fast,D,26.32,0,0.07,0,0,0,4,2,0,0,0,0,0,10,9,1,2,2,1,7,4,0.28,0.433,0.36,0.364,2,19,13,7,5,48,27,3,3,1,1,2,0,0,1.231,1.961,0.386
L,2,4,30/5/2021,48531,TOR,MTL,Ella Shelton,D,23.05,0,0.04,0,0,0,4,0,0,0,0,0,0,5,3,0,0,0,0,4,2,0.16,0.407,0.387,0.2,1,21,10,6,5,39,23,4,5,0,0,1,0,0,0.928,1.281,0.42
L,2,4,30/5/2021,48531,TOR,MTL,Claire Thompson,D,19.37,0,0.083,0,0,0,3,0,0,0,0,0,0,11,7,2,2,2,2,2,0,0.24,0.464,0.31,0.286,0,11,5,6,3,28,15,1,4,1,1,2,0,0,0.74,0.555,0.571
L,2,4,30/5/2021,48531,TOR,MTL,Ella Matteucci,D,10.05,0,0.023,0,0,0,4,0,0,0,0,0,0,1,0,0,0,0,0,0,1,0.05,0.4,0.37,0.4,2,13,6,8,5,26,18,1,1,1,2,2,1,0,0.318,0.805,0.283
W,5,2,27/2/2021,46181,MIN,NH,Hannah Brandt,F,18.17,0,0.162,0,0,0,5,4,1,1,1,0,0,15,12,1,2,0,2,5,3,0.4,0.431,0.359,0.312,0,17,9,6,3,34,16,2,1,1,0,0,0,0,0.904,0.458,0.664
W,5,2,27/2/2021,46181,MIN,NH,Sydney Brodt,F,5.32,0,0.02,0,0,0,1,0,0,0,0,0,0,1,1,0,0,0,0,4,1,0.02,0.214,0.571,0,0,11,6,6,3,20,13,3,3,1,0,1,2,0,0.023,0.503,0.043
W,5,2,27/2/2021,46181,MIN,NH,Dani Cameranesi,F,21.42,0,0.662,0,0,0,4,3,3,1,2,0,1,15,10,1,0,0,4,5,3,0.38,0.441,0.377,0.3,0,18,9,5,2,44,25,3,1,2,0,0,0,0,2.155,0.522,0.805
W,5,2,27/2/2021,46181,MIN,NH,Kendall Coyne Schofield,F,18.58,1,0.64,0,0,0,8,6,2,1,0,0,0,12,8,0,1,0,2,6,7,0.38,0.344,0.44,0.2,1,18,11,8,6,60,36,3,2,3,0,0,1,2,1.342,0.654,0.672
W,5,2,27/2/2021,46181,MIN,NH,Hilary Knight,F,20.51,0,0.454,1,1,0,7,6,3,1,1,3,1,16,11,0,1,0,3,4,4,0.29,0.354,0.425,0.4,1,19,12,8,6,64,41,4,2,3,0,1,0,0,1.307,0.805,0.619
W,5,2,27/2/2021,46181,MIN,NH,Annie Pankowski,F,19.59,0,0.598,0,0,0,9,4,2,1,3,1,0,19,13,1,2,2,3,5,8,0.54,0.445,0.374,0.364,0,19,11,7,4,42,20,2,1,1,0,0,1,0,2.019,0.546,0.787
W,5,2,27/2/2021,46181,MIN,NH,Kelly Pannek,F,22.08,0,0.174,1,0,1,5,4,2,2,0,0,0,17,14,3,1,1,5,4,7,1.05,0.376,0.417,0.263,1,16,10,7,5,62,37,3,2,3,0,0,0,0,1.924,0.61,0.759
W,5,2,27/2/2021,46181,MIN,NH,Ryleigh Houston,F,10.51,1,0.533,2,1,1,3,3,3,0,1,0,1,3,1,0,2,1,3,4,2,0.07,0.327,0.418,0.167,1,9,5,1,1,18,11,1,0,0,1,0,0,0,0.964,0.291,0.768
W,5,2,27/2/2021,46181,MIN,NH,Sophia Shaver,F,19.42,0,0.064,1,0,1,3,1,0,0,0,0,0,6,4,1,0,0,1,3,2,0.09,0.408,0.398,0.286,0,20,12,5,3,40,24,4,3,1,0,0,0,0,1.322,0.51,0.722
W,5,2,27/2/2021,46181,MIN,NH,Abby Roque,F,19.51,2,0.484,2,2,0,8,6,2,0,1,1,1,12,8,4,0,0,6,6,4,0.56,0.365,0.429,0.333,1,24,15,9,5,41,29,5,3,1,1,2,0,0,1.608,1.131,0.587
W,5,2,27/2/2021,46181,MIN,NH,Samantha Donovan,F,8.01,0,0,1,1,0,0,0,0,0,0,0,0,4,3,0,0,0,0,1,2,0.13,0.417,0.312,0.125,1,7,4,4,2,5,4,1,2,0,1,1,0,0,0.502,0.499,0.502
L,2,5,27/2/2021,46181,NH,MIN,Chelsey Goldberg,F,5.12,0,0.083,0,0,0,2,2,1,0,0,0,0,4,2,0,0,0,1,2,3,0.19,0.431,0.38,1,0,6,6,1,1,8,4,1,1,0,0,0,0,0,0.311,0.584,0.348
L,2,5,27/2/2021,46181,NH,MIN,Brianna Decker,F,25.13,0,0.121,0,0,0,5,3,2,0,2,0,0,15,11,0,1,0,2,6,8,1.12,0.442,0.347,0.353,1,26,18,14,10,60,41,6,4,6,5,2,1,1,0.457,1.716,0.21
L,2,5,27/2/2021,46181,NH,MIN,Amanda Kessel,F,24.39,0,0.281,0,0,0,6,4,2,1,0,0,0,27,15,1,0,0,3,8,13,1.11,0.481,0.304,0.231,1,19,11,10,5,47,32,4,3,3,4,0,0,0,0.739,1.24,0.374
L,2,5,27/2/2021,46181,NH,MIN,Gigi Marvin,F,17.14,1,0.271,1,1,0,4,4,1,0,0,1,0,12,8,4,1,1,5,5,7,0.31,0.465,0.325,0.273,2,18,10,8,4,39,29,4,3,3,0,1,0,0,1.117,0.898,0.554
L,2,5,27/2/2021,46181,NH,MIN,Hayley Scamurra,F,17.44,1,0.231,0,0,0,7,7,3,1,0,0,0,8,4,0,0,0,3,3,2,0.33,0.424,0.374,0.2,2,21,11,9,5,43,29,3,3,3,0,1,0,0,1.027,1.149,0.472
L,2,5,27/2/2021,46181,NH,MIN,Haley Skarupa,F,28.1,0,0.212,0,0,0,4,4,2,2,0,0,0,23,15,2,1,1,4,6,13,0.59,0.452,0.343,0.412,2,28,19,16,11,73,54,7,5,7,6,2,0,0,1.002,1.659,0.377
L,2,5,27/2/2021,46181,NH,MIN,Courtney Turner,F,11.42,0,0.025,0,0,0,2,2,1,0,0,0,0,2,1,0,0,0,1,3,1,0.03,0.28,0.498,0,1,23,14,7,4,33,23,3,2,2,0,1,0,0,0.191,1.6,0.107
L,2,5,27/2/2021,46181,NH,MIN,Alexa Gruschow,F,17.15,0,0.124,0,0,0,2,1,1,1,1,0,0,8,4,0,1,0,1,3,4,0.21,0.32,0.468,0.286,2,30,18,13,9,44,31,4,4,5,1,2,0,0,0.568,2.293,0.198
L,2,5,27/2/2021,46181,NH,MIN,Emily Field,F,16.01,0,0.301,1,1,0,3,1,1,0,0,0,0,6,3,1,0,0,2,2,2,0.09,0.474,0.309,0.176,2,17,8,7,4,34,24,4,2,3,1,0,0,0,1.035,0.783,0.569
L,2,5,27/2/2021,46181,NH,MIN,Delaney Belinskas,F,12.51,0,0.136,0,0,0,1,0,0,1,0,0,1,1,0,0,0,0,0,5,2,0.02,0.274,0.505,0.3,2,21,10,8,4,48,31,3,2,2,0,1,0,0,0.376,0.944,0.285
L,3,4,28/2/2021,46182,MIN,NH,Hannah Brandt,F,22.26,0,0.44,0,0,0,2,1,1,1,1,0,0,26,20,2,0,0,3,5,3,0.48,0.45,0.37,0.143,0,21,9,9,7,42,29,5,1,5,4,0,0,0,1.551,1.025,0.602
L,3,4,28/2/2021,46182,MIN,NH,Sydney Brodt,F,9.3,0,0.061,0,0,0,3,2,1,1,0,0,0,7,4,1,0,0,2,5,6,0.21,0.405,0.351,0,0,9,5,5,3,22,11,3,1,2,1,0,1,0,0.199,0.568,0.26
L,3,4,28/2/2021,46182,MIN,NH,Dani Cameranesi,F,26.39,0,0.638,0,0,0,8,3,1,0,2,0,1,18,10,1,0,0,2,6,6,0.36,0.405,0.392,0.357,0,27,11,12,8,61,44,7,1,7,4,0,0,0,1.767,1.657,0.516
L,3,4,28/2/2021,46182,MIN,NH,Kendall Coyne Schofield,F,21.02,1,1.102,1,0,1,15,9,5,4,3,1,1,14,10,1,1,1,6,13,11,1.03,0.389,0.366,0.091,3,15,7,9,5,48,24,3,2,5,1,1,0,2,1.717,0.798,0.683
L,3,4,28/2/2021,46182,MIN,NH,Hilary Knight,F,20.3,1,0.165,1,1,0,5,3,1,1,1,0,0,9,6,1,2,0,2,2,1,0.18,0.412,0.354,0.429,2,14,5,7,3,46,23,1,2,3,0,1,0,0,1.602,0.62,0.721
L,3,4,28/2/2021,46182,MIN,NH,Annie Pankowski,F,24.34,0,0.435,0,0,0,10,3,2,2,2,1,0,23,17,1,2,1,3,5,6,0.54,0.433,0.372,0.214,0,21,9,6,5,45,32,3,1,4,3,0,0,0,1.543,0.758,0.671
L,3,4,28/2/2021,46182,MIN,NH,Kelly Pannek,F,21.02,0,0.07,1,1,0,3,0,0,1,0,0,0,19,14,3,0,0,3,7,5,0.4,0.365,0.386,0.25,2,17,7,9,4,49,25,3,2,5,0,1,1,0,1.256,0.807,0.609
L,3,4,28/2/2021,46182,MIN,NH,Ryleigh Houston,F,8.34,0,0.256,0,0,0,2,2,2,0,1,0,0,7,5,0,0,0,2,1,0,0.18,0.598,0.286,0,1,5,3,3,2,13,6,1,1,1,1,0,0,0,0.473,0.304,0.608
L,3,4,28/2/2021,46182,MIN,NH,Abby Roque,F,17.38,1,0.037,1,0,1,2,1,0,0,0,0,0,25,20,2,0,0,2,5,7,1.06,0.464,0.316,0.211,2,11,7,5,4,32,15,2,2,2,2,0,0,0,0.735,0.534,0.579
L,3,4,28/2/2021,46182,MIN,NH,Samantha Donovan,F,7.36,0,0.019,1,1,0,2,1,0,0,0,0,0,5,2,0,0,0,0,2,2,0.08,0.297,0.403,0.4,1,11,7,5,4,16,8,2,2,1,2,0,0,0,0.074,0.443,0.143
W,4,3,28/2/2021,46182,NH,MIN,Brianna Decker,F,27.06,2,0.64,2,2,0,10,7,5,2,4,2,0,19,11,2,0,0,7,8,9,0.44,0.424,0.345,0.429,2,32,12,13,3,70,48,6,3,7,0,1,1,1,1.908,1.248,0.605
W,4,3,28/2/2021,46182,NH,MIN,Amanda Kessel,F,25.4,1,0.253,1,1,0,3,1,1,0,1,1,1,26,18,0,1,1,1,9,5,0.58,0.458,0.303,0.333,1,25,9,7,1,53,34,3,1,3,0,0,0,0,1.671,0.757,0.688
W,4,3,28/2/2021,46182,NH,MIN,Gigi Marvin,F,20.32,0,0,0,0,0,0,0,0,0,0,0,0,15,9,2,0,0,2,4,4,0.26,0.373,0.421,0.25,0,19,8,9,5,84,63,7,4,3,2,1,0,1,0.981,1.108,0.47
W,4,3,28/2/2021,46182,NH,MIN,Hayley Scamurra,F,20.23,0,0.374,0,0,0,7,3,3,2,1,0,0,7,4,0,0,0,3,6,5,0.32,0.397,0.395,0.375,1,21,10,9,5,81,63,5,4,3,2,1,0,0,1.294,1.131,0.534
W,4,3,28/2/2021,46182,NH,MIN,Haley Skarupa,F,25.51,1,0.43,2,0,2,8,4,4,0,3,3,0,17,8,2,0,0,6,9,5,0.52,0.464,0.308,0.143,2,22,8,8,2,57,37,7,1,4,0,0,0,0,1.888,0.736,0.72
W,4,3,28/2/2021,46182,NH,MIN,Courtney Turner,F,6.54,0,0,0,0,0,0,0,0,0,0,0,0,0,0,0,0,0,0,2,0,0,0.36,0.353,0,0,9,2,4,2,7,4,0,3,1,0,0,0,0,0.158,0.525,0.231
W,4,3,28/2/2021,46182,NH,MIN,Alexa Gruschow,F,15.59,0,0.26,0,0,0,3,3,2,1,1,0,0,10,6,1,1,0,3,5,3,0.28,0.39,0.419,0.25,1,25,12,9,6,50,35,3,4,2,0,1,0,0,0.746,1.409,0.346
W,4,3,28/2/2021,46182,NH,MIN,Emily Field,F,15.3,0,0.007,0,0,0,1,1,0,0,0,0,0,2,2,1,0,0,1,3,2,0.11,0.373,0.379,0.091,2,13,9,6,4,37,25,5,3,2,1,1,1,0,0.679,0.651,0.511
W,4,3,28/2/2021,46182,NH,MIN,Delaney Belinskas,F,11.44,0,0.016,0,0,0,1,1,0,0,0,0,0,1,0,0,0,0,0,3,1,0.01,0.251,0.528,0.4,0,24,10,11,7,48,33,3,5,4,0,1,0,1,0.143,1.654,0.08
W,4,1,6/3/2021,46183,MIN,NH,Hannah Brandt,F,17.59,0,0.056,0,0,0,1,0,0,0,0,0,0,16,3,1,0,0,1,3,1,0.14,0.333,0.435,0.2,0,20,12,11,6,57,36,7,3,4,2,0,0,0,0.54,0.867,0.384
W,4,1,6/3/2021,46183,MIN,NH,Sydney Brodt,F,10.39,0,0.063,1,1,0,1,0,0,0,1,0,0,4,1,0,0,0,0,5,3,0.06,0.221,0.521,0.4,0,14,6,9,5,33,18,6,4,1,2,0,0,1,0.163,0.699,0.189
W,4,1,6/3/2021,46183,MIN,NH,Dani Cameranesi,F,19.57,0,0.537,1,0,1,7,3,2,1,3,1,1,23,18,3,0,0,5,1,4,0.52,0.484,0.324,0.375,0,16,10,5,4,34,18,2,2,3,0,0,0,0,1.22,0.68,0.642
W,4,1,6/3/2021,46183,MIN,NH,Kendall Coyne Schofield,F,23.06,1,1.08,0,0,0,9,6,2,1,1,1,0,24,18,1,0,0,3,9,11,0.56,0.378,0.431,0.357,1,24,14,13,9,76,50,5,5,6,1,0,0,0,2.198,1.607,0.578
W,4,1,6/3/2021,46183,MIN,NH,Hilary Knight,F,19.41,0,0.385,1,1,0,10,6,2,1,2,1,0,27,19,1,0,0,3,4,6,0.55,0.514,0.284,0.3,0,12,7,7,5,23,13,3,3,3,1,0,1,0,1.225,0.649,0.654
W,4,1,6/3/2021,46183,MIN,NH,Annie Pankowski,F,19.44,0,0.371,1,1,0,7,3,2,2,2,0,0,13,5,0,1,0,2,10,9,0.34,0.429,0.358,0.2,0,12,6,7,4,45,24,5,3,3,1,0,1,0,1.995,0.543,0.786
W,4,1,6/3/2021,46183,MIN,NH,Kelly Pannek,F,20.27,0,0.022,0,0,0,1,0,0,0,0,0,0,25,22,1,0,0,1,5,3,1,0.459,0.341,0.375,1,15,8,7,4,39,22,4,2,3,1,0,0,1,1.22,1.349,0.475
W,4,1,6/3/2021,46183,MIN,NH,Ryleigh Houston,F,4.27,0,0,0,0,0,0,0,0,0,0,0,0,0,0,0,0,0,0,1,0,0,0.12,0.597,0.5,0,10,8,4,3,11,5,2,2,0,0,0,0,0,0,0.423,0
W,4,1,6/3/2021,46183,MIN,NH,Sophia Shaver,F,14.37,0,0.146,0,0,0,2,2,1,1,0,0,0,9,5,0,0,0,1,2,2,0.23,0.35,0.433,0.333,0,10,6,2,1,47,28,2,1,0,0,0,0,1,0.875,0.384,0.695
W,4,1,6/3/2021,46183,MIN,NH,Abby Roque,F,20.52,2,0.748,0,0,0,3,3,3,0,1,0,0,9,7,0,0,0,3,5,4,0.19,0.276,0.527,0.188,1,30,17,11,8,76,52,4,4,4,1,0,0,0,1.898,1.847,0.507
W,4,1,6/3/2021,46183,MIN,NH,Nicole Schammel,F,7.05,0,0,0,0,0,0,0,0,0,0,0,0,3,1,0,0,0,0,3,1,0.05,0.192,0.514,0,0,10,6,4,3,18,9,2,0,1,2,0,0,0,0,0.214,0
L,1,4,6/3/2021,46183,NH,MIN,Brianna Decker,F,27.58,1,1.176,0,0,0,11,5,3,2,3,0,0,24,15,3,1,1,6,7,4,1.02,0.492,0.302,0.421,1,17,5,5,2,60,32,1,3,2,0,0,0,0,2.239,1.243,0.643
L,1,4,6/3/2021,46183,NH,MIN,Amanda Kessel,F,24.22,0,0.227,1,1,0,6,4,1,1,1,0,0,30,21,0,1,1,1,8,9,1.18,0.565,0.243,0.533,1,13,5,3,2,35,18,0,2,1,0,0,0,0,1.961,1.13,0.634
L,1,4,6/3/2021,46183,NH,MIN,Gigi Marvin,F,19.14,0,0.107,0,0,0,5,5,1,0,0,1,0,15,10,3,0,0,4,3,6,0.43,0.445,0.355,0.333,2,16,12,8,6,71,47,4,1,5,1,1,0,0,0.658,2.057,0.242
L,1,4,6/3/2021,46183,NH,MIN,Hayley Scamurra,F,18.45,0,0.443,0,0,0,8,5,4,3,2,1,0,8,3,1,1,0,5,5,6,0.27,0.389,0.378,0.214,1,14,8,8,2,67,39,4,1,4,1,1,1,0,0.852,0.68,0.556
L,1,4,6/3/2021,46183,NH,MIN,Haley Skarupa,F,27.16,0,0.303,1,0,1,7,2,1,1,0,0,0,21,12,1,0,0,2,11,13,1.05,0.524,0.293,0.176,2,19,9,7,6,60,41,1,4,2,1,0,0,0,2.258,1.936,0.538
L,1,4,6/3/2021,46183,NH,MIN,Dana Trivigno,F,14.22,0,0.169,0,0,0,1,1,1,0,0,0,0,3,1,0,0,0,1,3,2,0.03,0.298,0.443,0.333,2,14,9,8,5,54,30,2,1,2,2,0,0,0,0.512,0.977,0.344
L,1,4,6/3/2021,46183,NH,MIN,Chelsey Goldberg,F,1.33,0,0,0,0,0,0,0,0,0,0,0,0,0,0,0,0,0,0,0,0,0,0.254,0.616,0,1,2,1,2,1,10,3,1,0,1,0,0,0,0,0,0.137,0
L,1,4,6/3/2021,46183,NH,MIN,Alexa Gruschow,F,18.59,0,0,0,0,0,0,0,0,0,0,0,0,9,5,2,0,0,2,10,5,0.27,0.373,0.397,0.583,1,18,10,14,7,61,38,8,3,5,1,1,0,1,0.967,1.213,0.444
L,1,4,6/3/2021,46183,NH,MIN,Cassidy Vinkle,F,8.49,0,0.007,0,0,0,1,0,0,0,0,0,0,1,1,0,0,0,0,2,0,0.04,0.3,0.442,0.667,0,8,5,6,4,38,25,3,1,2,0,0,1,1,0.202,0.559,0.265
L,1,4,6/3/2021,46183,NH,MIN,Delaney Belinskas,F,11.24,0,0.164,0,0,0,3,3,3,1,1,1,0,2,0,0,0,0,3,3,1,0.07,0.25,0.523,0.375,1,13,7,8,5,69,47,5,1,4,1,0,1,0,0.26,0.902,0.224
W,6,2,7/3/2021,46658,MIN,NH,Hannah Brandt,F,20.52,0,0.259,1,0,1,3,3,3,2,0,0,0,12,7,1,1,0,4,0,3,0.2,0.401,0.372,0.231,1,15,8,7,3,60,45,6,3,1,0,1,0,0,1.747,0.709,0.711
W,6,2,7/3/2021,46658,MIN,NH,Sydney Brodt,F,9.09,1,0.378,0,0,0,4,4,3,1,1,1,0,8,4,2,0,0,5,2,0,0.14,0.386,0.453,0,2,15,9,4,4,32,23,4,0,0,0,2,0,0,0.843,0.825,0.505
W,6,2,7/3/2021,46658,MIN,NH,Dani Cameranesi,F,21.23,0,0.674,3,1,2,5,3,2,2,2,0,0,29,17,1,0,0,3,3,9,0.53,0.427,0.384,0.333,1,17,7,9,3,53,37,4,3,1,0,1,0,0,1.932,0.987,0.662
W,6,2,7/3/2021,46658,MIN,NH,Kendall Coyne Schofield,F,21.35,1,0.728,0,0,0,8,7,5,2,0,1,1,13,8,1,0,0,6,9,7,0.49,0.463,0.337,0.214,0,14,4,7,2,53,41,7,2,1,0,0,0,0,1.514,0.74,0.672
W,6,2,7/3/2021,46658,MIN,NH,Hilary Knight,F,18.31,2,0.348,0,0,0,9,5,3,3,1,0,2,23,17,1,0,0,4,4,2,0.42,0.463,0.335,0.455,0,16,5,9,3,40,32,4,4,1,0,0,1,0,1.649,0.859,0.657
W,6,2,7/3/2021,46658,MIN,NH,Annie Pankowski,F,16.28,0,0.44,1,1,0,6,4,2,1,2,1,1,15,13,2,0,0,4,5,7,0.49,0.473,0.31,0.545,0,8,3,4,2,25,12,3,3,0,0,0,0,0,1.681,0.261,0.865
W,6,2,7/3/2021,46658,MIN,NH,Kelly Pannek,F,20.57,1,0.605,1,1,0,5,4,3,0,2,1,0,21,15,2,2,1,5,5,1,0.54,0.435,0.358,0.2,0,10,4,4,1,46,31,5,1,1,0,0,0,0,1.356,0.505,0.729
W,6,2,7/3/2021,46658,MIN,NH,Ryleigh Houston,F,5.15,0,0.15,0,0,0,1,0,0,1,0,0,1,4,4,0,0,0,0,2,1,0.09,0.585,0.251,0,0,1,1,0,0,7,6,1,0,0,0,0,0,0,1.032,0.012,0.989
W,6,2,7/3/2021,46658,MIN,NH,Sophia Shaver,F,17.22,0,0.164,0,0,0,2,1,1,1,1,0,1,17,14,2,0,0,3,4,6,0.36,0.411,0.418,0.3,1,21,11,7,2,58,45,9,0,2,0,1,0,1,1.073,1.222,0.467
W,6,2,7/3/2021,46658,MIN,NH,Abby Roque,F,18.49,0,0.253,1,1,0,5,4,2,2,0,0,0,26,16,2,0,0,4,2,4,1.11,0.465,0.373,0.667,1,19,9,6,2,54,41,8,0,1,0,1,2,0,1.23,1.044,0.541
W,6,2,7/3/2021,46658,MIN,NH,Nicole Schammel,F,4.07,0,0.249,0,0,0,1,1,1,1,0,0,1,4,1,0,0,0,1,0,2,0.09,0.319,0.439,0.25,0,3,2,1,0,11,8,1,0,0,0,0,0,0,0.756,0.126,0.857
L,2,6,7/3/2021,46658,NH,MIN,Brianna Decker,F,33.57,0,0.367,1,1,0,8,2,0,2,0,0,0,24,19,4,0,0,4,7,12,0.59,0.411,0.415,0.238,4,32,19,19,10,139,94,5,7,9,2,2,0,2,1.769,2.048,0.463
L,2,6,7/3/2021,46658,NH,MIN,Amanda Kessel,F,28.42,1,0.68,0,0,0,5,2,2,0,0,0,1,30,20,4,1,1,6,5,5,1.09,0.48,0.369,0.182,4,28,18,18,11,97,68,6,8,7,2,3,0,0,1.661,2.353,0.414
L,2,6,7/3/2021,46658,NH,MIN,Gigi Marvin,F,18.11,0,0.144,1,0,1,3,2,1,1,0,0,0,14,12,4,1,1,5,0,2,0.38,0.442,0.356,0.385,2,23,14,8,6,57,42,9,5,2,1,2,0,0,1.041,1.18,0.469
L,2,6,7/3/2021,46658,NH,MIN,Hayley Scamurra,F,22.09,1,0.59,0,0,0,7,4,3,0,2,0,1,9,7,1,0,0,4,6,4,0.3,0.34,0.446,0.333,2,33,18,11,7,82,57,12,5,4,1,2,0,0,0.968,1.447,0.401
L,2,6,7/3/2021,46658,NH,MIN,Haley Skarupa,F,26.08,0,0.332,1,0,1,6,1,1,2,1,0,0,18,15,2,0,0,3,5,6,0.53,0.483,0.33,0.188,1,23,15,13,10,56,30,2,9,1,0,5,2,1,1.569,1.955,0.445
L,2,6,7/3/2021,46658,NH,MIN,Dana Trivigno,F,12.13,0,0,0,0,0,0,0,0,0,0,0,0,0,0,0,0,0,0,1,0,0,0.284,0.478,0,1,21,13,12,9,36,21,3,7,0,1,3,1,0,0.082,1.496,0.052
L,2,6,7/3/2021,46658,NH,MIN,Chelsey Goldberg,F,2.15,0,0,0,0,0,0,0,0,0,0,0,0,1,1,0,0,0,0,0,0,0.02,0.312,0.443,0,0,3,2,2,2,4,1,0,0,0,0,0,0,0,0.008,0.114,0.066
L,2,6,7/3/2021,46658,NH,MIN,Alexa Gruschow,F,16.21,0,0.145,1,1,0,5,2,0,0,0,0,0,10,5,1,0,0,1,5,3,0.21,0.381,0.405,0.2,1,22,14,10,8,49,35,11,5,2,1,2,1,0,0.9,1.34,0.402
L,2,6,7/3/2021,46658,NH,MIN,Cassidy Vinkle,F,5.18,0,0,0,0,0,0,0,0,0,0,0,0,1,1,0,0,0,0,3,0,0.01,0.19,0.511,0,0,3,1,1,1,19,7,0,0,0,1,0,0,0,0.104,0.061,0.631
L,2,6,7/3/2021,46658,NH,MIN,Delaney Belinskas,F,8.42,0,0,0,0,0,0,0,0,0,0,0,0,1,0,0,1,0,0,4,0,0,0.217,0.484,0,0,10,7,7,6,28,11,0,4,0,1,2,1,0,0.104,0.718,0.127
W,3,1,16/5/2021,47484,MIN,NH,Hannah Brandt,F,20.53,0,0.115,0,0,0,3,1,1,0,1,0,0,14,11,2,1,0,3,7,1,0.22,0.404,0.379,0.455,1,19,11,11,6,60,38,4,5,3,3,1,0,0,1.169,1.069,0.522
W,3,1,16/5/2021,47484,MIN,NH,Sydney Brodt,F,19.11,1,0.897,0,0,0,3,2,2,1,2,0,1,10,6,0,2,2,2,2,2,0.17,0.401,0.426,0.182,0,21,9,8,6,63,43,4,2,1,2,1,0,1,1.684,0.828,0.67
W,3,1,16/5/2021,47484,MIN,NH,Dani Cameranesi,F,21.05,1,0.38,0,0,0,4,2,1,0,2,1,0,18,12,3,0,0,4,5,5,0.53,0.404,0.427,0.25,0,23,12,9,7,75,52,2,2,2,4,1,0,0,2.869,0.971,0.747
W,3,1,16/5/2021,47484,MIN,NH,Kendall Coyne Schofield,F,21.11,0,0.682,0,0,0,10,6,2,3,1,0,1,15,10,0,0,0,2,11,8,0.51,0.401,0.389,0.125,1,18,9,11,6,59,40,5,5,4,3,1,0,0,1.4,1.033,0.575
W,3,1,16/5/2021,47484,MIN,NH,Hilary Knight,F,20.23,0,0.435,0,0,0,9,6,3,1,1,0,0,16,11,2,0,0,5,5,6,0.5,0.428,0.366,0.3,1,19,12,13,8,43,28,3,6,4,4,1,1,0,2.468,1.263,0.662
W,3,1,16/5/2021,47484,MIN,NH,Annie Pankowski,F,15.6,0,0.585,0,0,0,9,4,2,2,1,1,0,16,12,1,1,0,3,4,6,1.05,0.528,0.3,0.222,0,9,5,6,4,28,16,1,3,2,1,0,1,0,1.03,0.258,0.8
W,3,1,16/5/2021,47484,MIN,NH,Kelly Pannek,F,20.11,1,1.484,2,2,0,8,5,3,1,1,0,0,14,11,3,0,0,6,3,3,0.4,0.397,0.444,0.273,0,21,8,7,5,75,54,3,1,2,4,1,1,0,2.902,0.823,0.779
W,3,1,16/5/2021,47484,MIN,NH,Ryleigh Houston,F,8.52,0,0.009,0,0,0,1,0,0,0,0,0,0,9,6,2,1,1,2,4,1,0.3,0.547,0.28,1,0,6,4,5,4,16,10,1,2,2,2,0,0,0,0.676,0.199,0.773
W,3,1,16/5/2021,47484,MIN,NH,Abby Roque,F,20,0,0.209,0,0,0,6,4,1,0,1,2,0,16,9,2,0,0,3,3,6,0.52,0.522,0.305,0.375,0,11,7,8,6,41,26,3,3,2,1,0,0,0,1.134,0.489,0.699
W,3,1,16/5/2021,47484,MIN,NH,Samantha Donovan,F,7.07,0,0.093,0,0,0,1,0,0,1,0,0,0,3,1,0,0,0,0,1,1,0.06,0.501,0.325,0.5,0,3,1,1,0,16,9,1,0,1,0,0,0,0,0.232,0.091,0.718
L,1,3,16/5/2021,47484,NH,MIN,Brianna Decker,F,27.21,0,0.668,1,0,1,12,9,6,4,1,1,0,21,15,0,1,1,6,9,10,1.29,0.464,0.366,0.333,1,26,16,10,6,71,44,9,3,2,0,0,0,0,1.694,2.378,0.416
L,1,3,16/5/2021,47484,NH,MIN,Amanda Kessel,F,27.45,1,0.395,0,0,0,8,5,4,1,4,2,0,35,22,3,1,0,7,7,10,1.21,0.475,0.351,0.333,1,24,15,10,6,68,43,9,4,2,0,0,0,0,1.69,2.218,0.432
L,1,3,16/5/2021,47484,NH,MIN,Hayley Scamurra,F,18.31,0,0.408,1,1,0,7,5,4,2,2,2,0,12,10,2,0,0,6,8,5,0.57,0.417,0.395,0.417,3,24,13,10,6,44,26,6,3,3,2,1,0,1,0.845,2.57,0.247
L,1,3,16/5/2021,47484,NH,MIN,Dana Trivigno,F,18.45,0,0.018,0,0,0,1,0,0,0,0,0,0,10,7,0,2,2,0,4,1,0.14,0.338,0.461,0.125,2,26,14,11,6,57,36,6,3,3,2,1,0,1,0.611,1.608,0.275
L,1,3,16/5/2021,47484,NH,MIN,Courtney Turner,F,15.26,0,0.018,0,0,0,2,0,0,0,0,0,0,3,1,0,0,0,0,1,0,0.03,0.278,0.527,0.25,0,26,12,13,4,72,53,7,4,6,3,1,0,0,0.191,1.4,0.12
L,1,3,16/5/2021,47484,NH,MIN,Makenna Newkirk,F,20.1,0,0,0,0,0,0,0,0,0,0,0,0,15,11,0,1,0,0,5,2,0.26,0.406,0.41,0.267,1,20,12,9,6,57,32,10,3,2,0,0,0,0,1.264,2.095,0.376
L,1,3,16/5/2021,47484,NH,MIN,Alexa Gruschow,F,14.58,0,0.278,0,0,0,3,3,2,0,0,2,1,7,3,0,0,0,2,4,1,0.26,0.304,0.518,0.167,0,24,11,12,4,69,53,7,4,6,3,1,0,0,0.332,1.374,0.195
L,1,3,16/5/2021,47484,NH,MIN,Emily Field,F,16.15,0,0.154,0,0,0,1,1,1,0,0,0,0,10,6,0,0,0,1,5,0,0.19,0.35,0.451,0.375,2,23,14,9,7,48,28,6,3,3,1,1,0,0,0.471,1.76,0.211
L,1,3,16/5/2021,47484,NH,MIN,Delaney Belinskas,F,12.3,0,0,0,0,0,0,0,0,0,0,0,0,5,2,0,0,0,0,1,1,0.06,0.26,0.545,0.667,0,22,8,12,3,59,44,5,3,5,4,1,0,0,0.185,1.215,0.132
W,4,2,17/5/2021,47485,MIN,NH,Hannah Brandt,F,18.28,0,0.131,0,0,0,4,2,1,1,1,0,0,21,17,0,0,0,1,4,1,0.43,0.518,0.322,0.222,1,15,11,7,6,30,18,0,2,3,1,1,0,1,1.082,0.635,0.63
W,4,2,17/5/2021,47485,MIN,NH,Sydney Brodt,F,18.51,1,0.39,0,0,0,5,5,3,1,1,0,0,23,16,2,0,0,5,4,3,1.29,0.545,0.288,0.333,1,9,6,4,3,52,31,2,1,3,0,1,0,0,1.105,0.827,0.572
W,4,2,17/5/2021,47485,MIN,NH,Dani Cameranesi,F,23.45,0,0.64,0,0,0,7,4,3,1,4,1,0,21,11,3,1,0,6,5,5,0.41,0.468,0.364,0,1,14,8,9,6,80,54,6,4,5,0,1,1,0,2.299,1.306,0.638
W,4,2,17/5/2021,47485,MIN,NH,Kendall Coyne Schofield,F,20.07,1,0.832,0,0,0,12,8,5,3,2,1,0,14,12,3,1,0,8,7,9,0.52,0.483,0.346,0.545,1,19,12,10,8,38,25,2,5,3,1,1,0,0,1.762,1.054,0.626
W,4,2,17/5/2021,47485,MIN,NH,Hilary Knight,F,20.33,0,0.395,0,0,0,8,4,2,2,1,0,0,27,17,0,0,0,2,5,3,1,0.543,0.314,0.375,1,15,11,6,5,29,19,0,2,2,1,1,0,1,1.324,0.611,0.684
W,4,2,17/5/2021,47485,MIN,NH,Annie Pankowski,F,17.25,1,0.473,1,1,0,11,5,4,0,2,2,0,18,10,2,0,0,6,6,9,0.57,0.473,0.336,0.167,0,14,10,5,4,34,23,4,1,0,2,1,1,0,1.457,0.879,0.624
W,4,2,17/5/2021,47485,MIN,NH,Kelly Pannek,F,23.58,0,0.63,0,0,0,11,4,3,1,5,1,0,17,13,3,1,0,6,8,4,0.53,0.463,0.369,0.417,1,16,9,9,6,76,52,6,4,4,0,1,0,0,2.158,1.471,0.595
W,4,2,17/5/2021,47485,MIN,NH,Ryleigh Houston,F,9.48,0,0.346,0,0,0,3,3,3,1,1,0,0,10,7,0,0,0,3,2,3,0.21,0.597,0.221,0.5,0,3,1,1,1,12,7,1,0,0,0,0,0,0,1.091,0.505,0.684
W,4,2,17/5/2021,47485,MIN,NH,Abby Roque,F,19.16,1,0.453,0,0,0,7,4,3,3,1,0,0,20,16,1,0,0,4,6,5,0.54,0.525,0.292,0.571,0,11,7,4,3,38,25,4,1,0,2,1,0,1,2.127,0.673,0.76
W,4,2,17/5/2021,47485,MIN,NH,Samantha Donovan,F,8.21,0,0,1,1,0,0,0,0,0,0,0,0,8,6,1,0,0,1,4,3,0.24,0.422,0.344,0.333,0,8,7,4,3,13,7,3,1,0,2,1,0,0,0.228,0.35,0.395
L,2,4,17/5/2021,47485,NH,MIN,Brianna Decker,F,27.24,0,0.418,1,0,1,8,5,3,2,1,1,0,25,17,2,1,1,5,12,8,1.05,0.426,0.393,0.25,1,34,20,19,10,82,54,8,7,6,1,0,1,1,2.213,2.056,0.518
L,2,4,17/5/2021,47485,NH,MIN,Amanda Kessel,F,27.5,0,0.062,0,0,0,2,1,1,1,1,0,0,33,25,2,1,0,3,6,7,1.21,0.412,0.4,0.455,1,32,19,20,10,90,61,11,8,7,1,0,0,0,1.848,2.177,0.459
L,2,4,17/5/2021,47485,NH,MIN,Hayley Scamurra,F,19.03,0,0.394,1,0,1,6,5,3,1,2,2,1,8,6,1,1,0,4,4,5,0.24,0.318,0.525,0.222,2,30,18,17,14,85,61,4,4,8,3,0,0,0,0.827,1.444,0.364
L,2,4,17/5/2021,47485,NH,MIN,Haley Skarupa,F,24.57,1,0.98,0,0,0,5,3,3,2,2,0,1,23,13,2,0,0,5,7,5,0.57,0.418,0.392,0.182,1,29,16,18,8,73,48,11,6,6,1,0,0,0,1.331,1.927,0.409
L,2,4,17/5/2021,47485,NH,MIN,Dana Trivigno,F,13.47,0,0.007,0,0,0,1,1,0,0,0,0,0,1,0,0,0,0,0,1,1,0.15,0.26,0.566,0.167,1,25,12,9,5,62,45,4,3,5,2,1,0,0,0.13,1.025,0.113
L,2,4,17/5/2021,47485,NH,MIN,Courtney Turner,F,6.41,0,0,0,0,0,0,0,0,0,0,0,0,1,1,0,0,0,0,1,0,0.05,0.327,0.491,0,1,10,6,4,3,18,11,2,1,1,0,0,0,0,0.52,0.714,0.421
L,2,4,17/5/2021,47485,NH,MIN,Makenna Newkirk,F,17.46,0,0.186,1,1,0,5,5,1,0,0,0,0,9,5,0,0,0,1,2,2,0.16,0.279,0.549,0.1,2,30,17,17,14,87,64,5,4,8,3,0,0,0,0.456,1.473,0.237
L,2,4,17/5/2021,47485,NH,MIN,Alexa Gruschow,F,13.54,1,0.136,0,0,0,1,1,1,0,0,0,1,5,3,1,1,1,2,0,1,0.12,0.334,0.502,0.222,2,19,12,11,9,56,37,4,2,5,3,0,0,0,0.808,0.748,0.519
L,2,4,17/5/2021,47485,NH,MIN,Emily Field,F,14.39,0,0,0,0,0,0,0,0,0,0,0,0,5,0,0,1,1,0,10,2,0.02,0.239,0.579,0,1,29,13,11,7,71,52,5,4,6,2,1,0,0,0.143,1.336,0.097
L,2,4,17/5/2021,47485,NH,MIN,Delaney Belinskas,F,5.56,0,0.05,0,0,0,1,1,1,1,0,0,0,0,0,0,0,0,1,0,0,0.01,0.185,0.619,0,0,12,3,3,1,34,24,2,2,1,0,0,0,0,0.121,0.271,0.308
W,3,2,24/5/2021,48265,MTL,TOR,Laura Stacey,F,18.45,0,0.395,0,0,0,9,5,3,1,2,0,0,10,6,0,0,0,3,5,3,0.31,0.369,0.442,0.462,1,35,18,16,9,64,45,3,7,3,1,1,0,1,0.475,1.193,0.285
W,3,2,24/5/2021,48265,MTL,TOR,Jill Saulnier,F,16.38,0,0.062,0,0,0,1,1,1,0,0,0,0,6,4,1,0,0,2,10,4,0.12,0.282,0.514,0.5,0,23,12,16,7,64,37,4,5,6,4,2,0,1,0.316,1.231,0.204
W,3,2,24/5/2021,48265,MTL,TOR,Marie-Philip Poulin,F,25.58,1,0.562,1,0,1,6,5,4,2,2,0,0,22,19,4,2,1,8,10,6,0.47,0.352,0.464,0.632,1,31,15,19,8,97,58,4,6,3,4,3,0,0,1.708,1.381,0.553
W,3,2,24/5/2021,48265,MTL,TOR,Kristin O'Neill,F,14.47,0,0.434,0,0,0,2,2,2,0,0,0,1,8,5,0,0,0,2,3,2,0.18,0.308,0.511,0.429,1,27,16,18,12,49,31,5,7,3,1,1,0,0,1.219,2.083,0.369
W,3,2,24/5/2021,48265,MTL,TOR,Ann-Sophie Bettez,F,16.15,0,0.67,1,1,0,6,5,4,3,1,0,1,7,6,1,0,0,5,3,2,0.27,0.465,0.373,0.182,1,13,8,11,8,39,19,4,5,3,1,0,0,1,2.479,1.211,0.672
W,3,2,24/5/2021,48265,MTL,TOR,Rebecca Leslie,F,12.01,1,0.596,0,0,0,5,3,2,2,1,0,0,10,4,3,0,0,5,7,7,0.21,0.383,0.393,0.2,0,10,7,8,7,28,15,3,4,1,1,1,0,0,1.536,1.127,0.577
W,3,2,24/5/2021,48265,MTL,TOR,Emily Clark,F,14.46,0,0.051,0,0,0,3,2,0,0,1,0,0,8,4,0,0,0,0,1,2,0.18,0.346,0.467,0.2,0,28,13,13,6,59,42,5,1,7,1,2,0,0,0.514,1.181,0.303
W,3,2,24/5/2021,48265,MTL,TOR,Jessie Eldridge,F,14.33,0,0.574,1,1,0,8,7,6,1,4,0,0,19,13,2,0,0,8,4,2,0.32,0.376,0.436,0.333,0,12,8,8,5,39,21,2,5,1,2,1,0,1,1.059,0.654,0.618
W,3,2,24/5/2021,48265,MTL,TOR,Sarah Lefort,F,15.32,0,0.05,0,0,0,3,2,0,0,0,0,0,5,1,1,0,0,1,2,3,0.13,0.31,0.517,0.167,0,31,16,15,10,72,51,4,6,3,1,0,0,0,0.748,1.243,0.376
W,3,2,24/5/2021,48265,MTL,TOR,Alexandra Labelle,F,12.56,0,0,1,0,1,0,0,0,0,0,0,0,14,13,2,1,0,2,1,0,0.25,0.486,0.342,0.333,1,6,3,4,2,26,11,1,2,1,0,0,0,0,2.052,0.447,0.821
W,3,2,24/5/2021,48265,MTL,TOR,Catherine Dubois,F,12.21,0,0,0,0,0,0,0,0,0,0,0,0,8,5,1,1,0,1,2,1,0.14,0.286,0.509,0.375,0,23,11,16,7,37,22,3,5,4,2,3,1,0,0.185,1.748,0.096
L,2,3,24/5/2021,48265,TOR,MTL,Brianne Jenner,F,19.58,0,0.423,0,0,0,8,3,2,2,2,0,2,20,9,2,1,1,4,6,7,0.4,0.571,0.253,0.529,0,8,7,5,4,37,27,2,1,4,0,1,0,0,1.718,0.416,0.805
L,2,3,24/5/2021,48265,TOR,MTL,Sarah Nurse,F,24.6,0,0.538,0,0,0,7,4,4,3,2,2,1,14,10,2,1,0,6,7,8,0.4,0.397,0.427,0.154,1,27,14,15,8,76,57,7,2,7,2,1,0,0,2.457,1.676,0.595
L,2,3,24/5/2021,48265,TOR,MTL,Natalie Spooner,F,16.39,1,0.613,0,0,0,11,9,5,3,0,0,0,17,8,0,1,1,5,5,5,0.44,0.474,0.35,0.333,0,17,13,12,8,46,32,6,4,3,1,0,1,0,1.124,1.189,0.486
L,2,3,24/5/2021,48265,TOR,MTL,Loren Gabel,F,17.42,0,0.674,1,1,0,13,9,5,1,4,1,0,19,10,0,0,0,5,5,5,0.5,0.522,0.306,0.071,0,17,14,11,8,31,19,6,4,1,1,0,0,0,1.514,1.124,0.574
L,2,3,24/5/2021,48265,TOR,MTL,Jamie Lee Rattray,F,14.19,0,0.195,0,0,0,1,0,0,0,0,0,1,11,5,1,0,0,1,4,2,0.24,0.541,0.303,0.2,2,13,10,9,8,44,39,5,3,6,0,1,0,1,0.672,1.12,0.375
L,2,3,24/5/2021,48265,TOR,MTL,Victoria Bach,F,21.58,0,0.427,0,0,0,8,6,6,4,1,1,0,19,15,2,0,0,8,8,6,0.46,0.494,0.318,0.214,1,18,12,9,5,35,21,4,3,3,0,0,0,0,2.443,0.821,0.748
L,2,3,24/5/2021,48265,TOR,MTL,Brittany Howard,F,15.58,0,0.74,0,0,0,8,4,4,2,3,2,2,15,7,0,0,0,4,9,5,0.25,0.482,0.318,0.333,1,11,7,7,4,28,15,4,2,2,0,0,0,0,1.439,0.658,0.686
L,2,3,24/5/2021,48265,TOR,MTL,Nicole Kosta,F,18.14,0,0.042,1,0,1,2,0,0,1,0,0,0,7,7,1,0,0,1,4,2,0.16,0.478,0.325,0.375,1,20,14,14,9,41,27,9,3,5,1,0,0,0,1.202,1.376,0.466
L,2,3,24/5/2021,48265,TOR,MTL,Shannon Stewart,F,3.3,0,0,0,0,0,0,0,0,0,0,0,0,1,1,1,0,0,1,1,1,0.02,0.328,0.469,0,0,3,2,2,1,9,4,1,1,0,0,0,0,0,0.392,0.192,0.671
L,2,3,24/5/2021,48265,TOR,MTL,Kristen Richards,F,8.56,0,0,0,0,0,0,0,0,0,0,0,0,5,4,0,0,0,0,1,0,0.06,0.425,0.395,0.75,1,11,5,8,4,35,21,3,1,3,2,1,0,0,0.841,1.054,0.444
L,2,3,24/5/2021,48265,TOR,MTL,Kayla Vespa,F,10.31,0,0.089,0,0,0,3,0,0,0,0,0,0,10,4,0,0,0,0,3,4,0.15,0.47,0.294,0.25,0,3,3,1,1,20,12,0,1,0,0,0,0,0,0.611,0.115,0.842
L,2,3,24/5/2021,48265,TOR,MTL,Madison Field,F,6.39,0,0.764,0,0,0,3,2,2,2,1,0,0,3,1,0,0,0,2,2,1,0.07,0.454,0.337,0.5,1,7,5,6,4,15,5,2,1,1,1,1,0,0,1.112,0.797,0.583
L,1,6,25/5/2021,48266,CAL,MTL,Rebecca Johnston,F,22.57,0,0.519,0,0,0,8,3,2,2,1,0,0,20,12,0,0,0,2,7,7,1.13,0.487,0.381,0.643,3,37,22,19,11,67,43,7,3,7,1,3,0,0,1.804,2.73,0.398
L,1,6,25/5/2021,48266,CAL,MTL,Blayre Turnbull,F,21.23,0,0.137,0,0,0,4,2,1,1,0,0,0,18,10,1,0,0,2,7,7,1.03,0.447,0.414,0.25,3,38,23,20,12,67,43,7,4,7,1,3,0,1,1.188,2.809,0.297
L,1,6,25/5/2021,48266,CAL,MTL,Erica Kromm,F,14.5,0,0.057,0,0,0,5,1,0,0,0,0,0,4,1,0,0,0,0,1,2,0.14,0.317,0.474,0.4,2,21,11,15,8,64,42,6,6,6,1,1,0,0,0.443,1.769,0.2
L,1,6,25/5/2021,48266,CAL,MTL,Hanna Bunton,F,13.6,0,0.343,0,0,0,3,2,2,2,1,0,0,4,1,0,1,0,2,1,4,0.14,0.317,0.447,0.4,2,19,7,9,4,37,21,3,5,2,1,0,0,0,0.508,0.946,0.349
L,1,6,25/5/2021,48266,CAL,MTL,Rhianna Kurio,F,14.05,0,0.184,0,0,0,2,2,2,0,1,0,0,10,3,2,1,1,4,0,3,0.09,0.417,0.398,0.462,1,16,9,12,8,34,24,5,9,2,0,2,0,0,0.936,1.624,0.366
L,1,6,25/5/2021,48266,CAL,MTL,Kaitlin Willoughby,F,14.19,0,0.051,0,0,0,3,2,0,1,0,0,0,2,2,0,1,0,0,6,2,0.11,0.274,0.487,0.364,2,17,6,7,3,44,24,3,4,1,1,0,0,0,0.195,0.832,0.189
L,1,6,25/5/2021,48266,CAL,MTL,Iya Gavrilova,F,12.28,0,0.259,0,0,0,4,2,1,0,0,0,1,6,2,0,1,0,1,3,2,0.22,0.418,0.389,0.625,1,11,6,7,5,33,23,4,5,1,0,0,0,0,1.07,0.77,0.582
L,1,6,25/5/2021,48266,CAL,MTL,Laura Dostaler,F,9.58,0,0.013,0,0,0,1,1,0,0,0,0,0,3,1,0,0,0,0,2,2,0.06,0.329,0.501,0.25,0,14,7,8,3,37,25,2,5,3,0,1,0,0,0.261,0.675,0.279
L,1,6,25/5/2021,48266,CAL,MTL,Sarah Potomak,F,23.15,1,0.236,0,0,0,4,2,1,1,1,0,1,9,6,0,1,0,1,8,2,0.16,0.454,0.385,0.143,2,37,23,20,13,59,35,7,6,7,1,4,0,0,1.317,3.117,0.297
L,1,6,25/5/2021,48266,CAL,MTL,Samantha Cogan,F,13.29,0,0.153,0,0,0,4,3,2,2,0,0,0,2,1,1,0,0,3,5,5,0.07,0.299,0.511,0.286,1,15,7,11,7,44,28,5,8,2,0,1,0,0,0.406,1.615,0.201
L,1,6,25/5/2021,48266,CAL,MTL,MacKenzie Ebel,F,8.04,0,0,0,0,0,0,0,0,0,0,0,0,2,1,0,0,0,0,2,0,0.02,0.36,0.438,0.25,0,12,7,7,3,22,14,2,5,2,0,1,0,1,0.218,0.593,0.268
L,1,6,25/5/2021,48266,CAL,MTL,Alexandra Poznikoff,F,21,0,0.17,0,0,0,2,2,2,0,1,1,0,6,5,1,0,0,3,1,2,0.25,0.31,0.462,0.188,2,25,11,9,4,67,39,4,4,3,1,0,0,0,0.596,1.052,0.362
W,6,1,25/5/2021,48266,MTL,CAL,Laura Stacey,F,17.54,1,0.403,0,0,0,7,4,3,3,1,1,0,23,14,0,0,0,3,5,8,1.16,0.505,0.299,0.467,0,13,10,6,5,21,7,2,4,1,0,2,0,0,1.213,0.771,0.612
W,6,1,25/5/2021,48266,MTL,CAL,Jill Saulnier,F,14.21,0,0.177,0,0,0,4,3,2,2,0,0,0,7,6,1,0,0,3,5,3,0.21,0.439,0.399,0.375,1,12,4,2,1,35,17,1,2,0,0,0,0,0,1.279,0.244,0.84
W,6,1,25/5/2021,48266,MTL,CAL,Marie-Philip Poulin,F,22.13,1,0.654,2,2,0,8,5,4,1,4,1,0,24,20,3,1,1,7,8,6,1.16,0.473,0.34,0.6,0,17,7,7,5,26,13,2,4,2,0,0,0,0,1.853,0.737,0.715
W,6,1,25/5/2021,48266,MTL,CAL,Kristin O'Neill,F,11.04,1,0.165,0,0,0,4,2,1,2,0,0,0,5,3,0,0,0,1,1,2,0.19,0.49,0.334,0.143,0,14,8,8,5,8,5,3,4,1,0,0,1,0,0.642,0.765,0.456
W,6,1,25/5/2021,48266,MTL,CAL,Ann-Sophie Bettez,F,19.51,1,1.185,2,2,0,7,3,1,0,1,0,2,18,12,3,0,0,4,5,5,0.34,0.406,0.42,0.5,0,21,8,9,5,47,30,3,1,5,2,0,0,0,2.329,0.88,0.726
W,6,1,25/5/2021,48266,MTL,CAL,Rebecca Leslie,F,13.43,0,0.301,2,1,1,5,1,0,2,1,0,0,9,6,0,0,0,0,5,3,0.29,0.317,0.503,0.3,1,19,7,8,3,52,33,4,0,3,2,0,0,0,1.462,1.039,0.585
W,6,1,25/5/2021,48266,MTL,CAL,Emily Clark,F,22.13,0,0.572,0,0,0,6,3,3,2,1,0,0,12,9,2,0,0,5,5,3,0.33,0.452,0.371,0.286,0,22,11,11,7,38,15,3,4,0,0,2,0,1,1.876,1.193,0.611
W,6,1,25/5/2021,48266,MTL,CAL,Jessie Eldridge,F,17.39,1,0.868,0,0,0,11,8,5,4,0,0,1,21,6,1,0,0,6,6,5,0.4,0.522,0.305,0.533,0,10,2,2,1,27,8,1,2,0,0,0,0,1,2.717,0.221,0.925
W,6,1,25/5/2021,48266,MTL,CAL,Sarah Lefort,F,16.45,0,0.293,1,1,0,5,1,1,2,0,0,0,10,7,2,1,1,3,4,2,0.23,0.464,0.344,0.364,0,16,9,7,5,26,9,2,3,0,0,2,1,0,1.493,0.977,0.604
W,6,1,25/5/2021,48266,MTL,CAL,Alexandra Labelle,F,15.02,0,0.476,1,0,1,7,3,2,1,2,0,2,14,10,0,1,1,2,3,0,0.24,0.425,0.409,0.571,1,15,6,5,2,43,27,2,0,3,2,0,0,0,2.585,0.607,0.81
W,6,1,25/5/2021,48266,MTL,CAL,Catherine Dubois,F,8.49,0,0.033,1,0,1,1,1,0,0,0,0,0,6,4,1,0,0,1,3,2,0.14,0.45,0.354,0.5,0,11,5,7,4,9,5,3,3,1,0,0,1,0,0.589,0.756,0.438
L,3,8,26/5/2021,48267,CAL,TOR,Rebecca Johnston,F,20.36,0,0.114,1,0,1,2,1,0,1,0,0,0,16,9,0,2,0,0,3,6,1.01,0.402,0.41,0.462,2,23,16,16,11,65,41,8,9,3,1,0,0,0,0.878,1.74,0.335
L,3,8,26/5/2021,48267,CAL,TOR,Blayre Turnbull,F,21.53,1,0.501,0,0,0,4,1,1,1,1,0,1,12,6,0,0,0,1,5,5,0.27,0.359,0.455,0.154,2,26,18,18,12,82,53,9,7,7,2,0,1,1,1.065,1.91,0.358
L,3,8,26/5/2021,48267,CAL,TOR,Hanna Bunton,F,16.53,0,0.093,0,0,0,2,0,0,0,0,0,0,6,2,1,0,0,1,3,3,0.25,0.256,0.555,0.2,1,28,12,17,9,93,69,9,4,7,3,1,0,1,0.365,2.657,0.121
L,3,8,26/5/2021,48267,CAL,TOR,Rhianna Kurio,F,11.53,0,0,0,0,0,0,0,0,0,0,0,0,2,0,0,0,0,0,7,1,0.08,0.223,0.563,0.333,5,20,12,11,7,58,42,7,4,4,1,0,0,0,0.381,2.354,0.139
L,3,8,26/5/2021,48267,CAL,TOR,Kaitlin Willoughby,F,14.46,0,0.267,0,0,0,3,3,3,3,0,0,0,4,2,0,0,0,3,1,2,0.13,0.244,0.538,0.429,1,29,13,14,6,74,58,8,2,7,1,1,0,0,0.503,2.336,0.177
L,3,8,26/5/2021,48267,CAL,TOR,Iya Gavrilova,F,11.49,0,0.17,0,0,0,1,0,0,1,0,0,0,5,4,0,0,0,0,2,2,0.09,0.233,0.58,0.5,5,25,15,16,9,67,50,10,6,7,1,1,0,0,0.365,2.766,0.117
L,3,8,26/5/2021,48267,CAL,TOR,Laura Dostaler,F,8.01,0,0,0,0,0,0,0,0,0,0,0,0,0,0,0,0,0,0,2,1,0.01,0.128,0.714,0,1,20,10,11,6,61,51,8,3,7,3,0,0,0,0.08,1.777,0.043
L,3,8,26/5/2021,48267,CAL,TOR,Sarah Potomak,F,19.6,1,0.193,0,0,0,3,2,2,1,1,1,0,13,8,1,0,0,3,7,2,0.21,0.39,0.417,0,1,28,20,22,16,77,48,10,8,8,1,1,0,0,0.878,2.125,0.292
L,3,8,26/5/2021,48267,CAL,TOR,Samantha Cogan,F,13.3,0,0.177,1,1,0,2,2,2,1,0,0,1,7,4,0,0,0,2,3,4,0.21,0.313,0.487,0.333,5,17,10,12,7,54,33,5,5,2,1,0,0,0,0.775,2.289,0.253
L,3,8,26/5/2021,48267,CAL,TOR,MacKenzie Ebel,F,5.38,0,0.004,0,0,0,1,1,0,0,0,0,0,1,0,0,0,0,0,1,1,0.01,0.218,0.56,0,0,11,6,7,5,23,17,5,2,2,2,0,0,0,0.099,0.773,0.113
L,3,8,26/5/2021,48267,CAL,TOR,Alexandra Poznikoff,F,13.3,0,0,0,0,0,0,0,0,0,0,0,0,7,5,0,0,0,0,2,1,0.11,0.288,0.543,0.2,0,19,8,10,6,77,62,8,1,7,2,0,0,0,0.305,2.38,0.113
W,8,3,26/5/2021,48267,TOR,CAL,Brianne Jenner,F,21.58,0,0.528,2,1,1,8,5,2,0,2,0,0,30,23,2,0,0,4,6,4,1.22,0.608,0.225,0.333,2,11,6,5,3,27,14,1,4,0,0,0,0,1,2.907,0.773,0.79
W,8,3,26/5/2021,48267,TOR,CAL,Sarah Nurse,F,20.17,0,0.94,1,0,1,6,5,5,2,4,0,0,25,20,5,0,0,10,5,4,0.58,0.534,0.301,0.333,1,9,5,6,4,33,21,4,1,2,1,2,0,0,4.047,0.74,0.845
W,8,3,26/5/2021,48267,TOR,CAL,Natalie Spooner,F,18.35,0,0.465,1,1,0,8,3,2,1,3,1,1,14,11,3,0,0,5,3,4,0.42,0.488,0.335,0.25,0,9,4,2,1,41,19,0,1,1,0,1,0,1,2.364,0.303,0.886
W,8,3,26/5/2021,48267,TOR,CAL,Loren Gabel,F,16.45,1,0.301,0,0,0,6,4,1,1,1,0,0,29,19,5,0,0,6,2,6,1.05,0.529,0.275,0.25,0,7,3,2,1,35,17,0,2,0,0,0,0,2,2.473,0.245,0.91
W,8,3,26/5/2021,48267,TOR,CAL,Jamie Lee Rattray,F,20.37,2,1.482,0,0,0,16,8,7,5,5,0,1,35,28,6,0,0,13,10,8,1.33,0.612,0.228,0,1,11,4,6,3,24,15,1,5,0,0,0,1,0,3.367,0.736,0.821
W,8,3,26/5/2021,48267,TOR,CAL,Victoria Bach,F,16.33,1,0.552,3,3,0,8,5,4,1,2,1,0,29,22,4,0,0,8,5,9,1.5,0.621,0.205,0.833,1,5,3,3,2,15,10,3,1,1,1,0,0,1,4.091,0.333,0.925
W,8,3,26/5/2021,48267,TOR,CAL,Brittany Howard,F,16.24,3,2.095,0,0,0,13,8,6,5,4,2,0,22,15,3,1,1,9,2,4,1.01,0.602,0.227,0,1,8,3,4,2,16,9,3,2,1,1,0,1,1,4.09,0.517,0.888
W,8,3,26/5/2021,48267,TOR,CAL,Nicole Kosta,F,15.04,0,0.623,0,0,0,4,1,1,0,3,0,0,13,7,1,0,0,2,2,1,0.34,0.508,0.307,0.5,1,8,4,3,3,31,17,0,3,0,0,0,0,0,1.344,0.438,0.754
W,8,3,26/5/2021,48267,TOR,CAL,Shannon Stewart,F,6.38,0,0.017,0,0,0,1,1,0,0,0,0,0,6,3,0,0,0,0,2,4,0.17,0.497,0.28,0,0,3,1,0,0,9,6,0,0,0,0,0,0,0,0.539,0.012,0.978
W,8,3,26/5/2021,48267,TOR,CAL,Kristen Richards,F,7.45,0,0,1,0,1,0,0,0,0,0,0,0,5,4,0,0,0,0,1,1,0.07,0.403,0.385,0,0,8,3,3,2,19,13,1,1,0,0,1,0,0,0.565,0.325,0.635
W,8,3,26/5/2021,48267,TOR,CAL,Kayla Vespa,F,8.28,0,0.07,1,1,0,2,1,0,0,0,0,0,7,5,1,0,0,1,1,4,0.23,0.477,0.315,1,1,7,4,4,3,11,7,1,3,0,0,0,0,0,1.144,0.432,0.726
W,8,3,26/5/2021,48267,TOR,CAL,Madison Field,F,6.21,1,0.486,0,0,0,1,1,1,0,0,0,0,1,0,0,0,0,1,3,0,0.02,0.478,0.257,0.333,0,3,1,0,0,5,4,0,0,0,0,0,0,0,0.539,0.012,0.978
L,3,4,27/5/2021,48268,MTL,TOR,Laura Stacey,F,21.05,1,0.47,0,0,0,8,7,5,1,2,1,0,21,13,1,0,0,6,14,8,0.46,0.505,0.313,0.286,1,19,12,12,10,37,19,4,5,3,3,1,0,1,1.666,1.275,0.567
L,3,4,27/5/2021,48268,MTL,TOR,Jill Saulnier,F,16.5,0,0.277,0,0,0,2,2,1,1,0,0,0,11,6,1,0,0,2,4,4,0.35,0.443,0.365,0.143,1,17,8,8,5,58,43,4,4,3,1,0,0,0,0.585,0.715,0.45
L,3,4,27/5/2021,48268,MTL,TOR,Marie-Philip Poulin,F,26.26,1,0.62,0,0,0,6,5,1,0,0,0,0,37,27,7,1,1,8,5,6,1.29,0.51,0.301,0.538,2,19,11,12,7,65,49,5,5,2,4,2,0,1,2.48,1.504,0.622
L,3,4,27/5/2021,48268,MTL,TOR,Kristin O'Neill,F,9.42,0,0.108,0,0,0,2,1,0,0,0,0,0,10,6,1,1,0,1,6,4,0.17,0.5,0.276,0.2,2,8,6,4,4,15,10,1,3,0,0,1,1,0,1.078,0.806,0.572
L,3,4,27/5/2021,48268,MTL,TOR,Ann-Sophie Bettez,F,14.53,0,0.374,0,0,0,5,4,3,1,0,1,0,7,5,1,0,0,4,5,1,0.2,0.37,0.383,0,0,10,6,5,4,31,16,0,2,1,0,1,0,0,1.225,0.438,0.736
L,3,4,27/5/2021,48268,MTL,TOR,Rebecca Leslie,F,12.42,1,0.067,0,0,0,4,3,1,1,0,0,0,5,3,1,0,0,2,8,3,0.21,0.366,0.419,0.333,1,10,6,7,4,34,19,3,4,1,1,0,0,1,0.469,0.894,0.344
L,3,4,27/5/2021,48268,MTL,TOR,Emily Clark,F,21.49,0,0.095,1,1,0,3,2,0,0,0,0,0,22,12,0,0,0,0,7,4,0.48,0.447,0.378,0.167,2,18,14,15,13,74,51,10,6,7,2,1,1,1,1.984,1.867,0.515
L,3,4,27/5/2021,48268,MTL,TOR,Jessie Eldridge,F,16.21,0,0.721,1,1,0,8,5,4,0,4,3,0,25,16,2,2,1,6,3,1,0.3,0.558,0.25,0.333,1,11,6,7,5,16,8,0,3,1,2,1,1,0,1.203,0.827,0.593
L,3,4,27/5/2021,48268,MTL,TOR,Sarah Lefort,F,16.53,0,0.774,1,0,1,5,2,2,0,2,0,0,16,12,0,2,2,2,1,0,0.25,0.497,0.316,0.333,2,10,8,8,8,40,23,5,4,3,0,1,0,0,1.674,1.232,0.576
L,3,4,27/5/2021,48268,MTL,TOR,Alexandra Labelle,F,15.41,0,0.182,0,0,0,3,1,0,1,1,1,0,7,4,0,0,0,0,3,2,0.13,0.424,0.353,0,0,9,3,5,3,26,12,0,3,1,0,0,0,0,1.255,0.552,0.695
L,3,4,27/5/2021,48268,MTL,TOR,Catherine Dubois,F,4.44,0,0,0,0,0,0,0,0,0,0,0,0,1,0,0,0,0,0,0,0,0.01,0.472,0.317,0,1,6,5,4,3,16,12,2,3,0,1,0,1,0,0.12,0.563,0.176
W,4,3,27/5/2021,48268,TOR,MTL,Brianne Jenner,F,27.46,0,0.079,0,0,0,2,0,0,1,1,0,0,16,11,1,0,0,1,2,5,0.42,0.352,0.46,0.167,2,29,17,15,8,104,69,11,4,5,3,0,0,3,1.695,2.04,0.454
W,4,3,27/5/2021,48268,TOR,MTL,Sarah Nurse,F,21.15,0,0.185,1,1,0,5,1,1,1,0,0,0,14,10,1,2,2,2,2,4,0.35,0.358,0.451,0.286,1,19,11,10,5,93,66,6,1,6,3,0,2,1,1.549,1.557,0.499
W,4,3,27/5/2021,48268,TOR,MTL,Natalie Spooner,F,22.28,1,0.88,0,0,0,6,5,4,3,1,1,0,12,6,1,1,0,5,8,11,0.3,0.359,0.455,0.4,1,23,16,14,9,93,64,10,2,7,3,0,0,0,1.269,2.174,0.369
W,4,3,27/5/2021,48268,TOR,MTL,Loren Gabel,F,14.27,0,0.226,0,0,0,7,6,5,1,1,1,0,10,6,0,1,1,5,7,1,0.27,0.484,0.289,0.2,1,7,6,5,4,23,14,1,2,0,1,0,0,1,1.196,0.463,0.721
W,4,3,27/5/2021,48268,TOR,MTL,Jamie Lee Rattray,F,17.13,1,0.543,0,0,0,2,2,2,2,0,0,0,18,12,2,1,0,4,4,5,0.39,0.347,0.445,0.8,1,18,13,9,7,47,32,8,4,1,2,0,1,0,1.526,0.895,0.63
W,4,3,27/5/2021,48268,TOR,MTL,Victoria Bach,F,15.57,1,0.585,0,0,0,7,6,6,3,3,2,0,9,7,1,0,0,7,7,6,0.43,0.479,0.317,1,0,8,6,2,1,24,11,0,2,0,0,0,1,1,1.303,0.133,0.908
W,4,3,27/5/2021,48268,TOR,MTL,Brittany Howard,F,13.14,0,0.445,0,0,0,4,2,2,1,1,1,2,15,11,2,0,0,4,0,2,0.37,0.529,0.269,0.5,0,6,5,0,0,16,8,0,0,0,0,0,1,0,1.314,0.05,0.963
W,4,3,27/5/2021,48268,TOR,MTL,Nicole Kosta,F,13.44,1,0.226,0,0,0,2,2,2,1,1,1,0,7,5,1,0,0,3,0,1,0.13,0.389,0.392,0,0,7,5,3,2,42,20,0,0,1,1,0,0,0,0.654,0.339,0.659
W,4,3,27/5/2021,48268,TOR,MTL,Shannon Stewart,F,4.16,0,0.104,0,0,0,1,1,1,0,0,0,1,1,1,0,0,0,1,2,0,0.05,0.245,0.493,0,0,2,2,1,1,19,13,0,0,0,1,0,0,0,0.126,0.031,0.802
W,4,3,27/5/2021,48268,TOR,MTL,Kristen Richards,F,7.37,0,0,0,0,0,0,0,0,0,0,0,0,0,0,0,0,0,0,0,0,0,0.26,0.513,0,1,11,10,6,5,26,17,2,4,0,1,0,0,0,0.126,0.508,0.199
W,4,3,27/5/2021,48268,TOR,MTL,Kayla Vespa,F,8.53,0,0.246,0,0,0,1,0,0,1,0,0,0,5,3,0,0,0,0,2,0,0.08,0.341,0.456,0,0,10,7,6,5,24,14,7,2,0,2,0,0,0,0.528,0.707,0.428
W,4,3,27/5/2021,48268,TOR,MTL,Madison Field,F,6.4,0,0,0,0,0,0,0,0,0,0,0,0,3,3,0,0,0,0,1,0,0.05,0.342,0.376,0,0,4,4,2,2,15,9,1,0,0,1,0,0,0,0.361,0.107,0.772
L,3,4,28/5/2021,48269,CAL,MTL,Rebecca Johnston,F,23.08,1,0.647,1,1,0,11,6,6,4,3,0,0,28,19,1,1,1,7,9,5,1.15,0.473,0.361,0.3,1,20,11,15,8,59,33,4,5,2,4,0,0,0,1.624,1.125,0.591
L,3,4,28/5/2021,48269,CAL,MTL,Blayre Turnbull,F,24.17,1,0.318,2,1,1,6,3,2,3,1,0,0,23,16,4,0,0,6,5,9,0.46,0.474,0.345,0.261,1,20,11,14,7,58,34,4,5,2,3,0,0,1,1.805,1.106,0.62
L,3,4,28/5/2021,48269,CAL,MTL,Hanna Bunton,F,20.28,0,0.117,0,0,0,2,1,1,0,0,0,1,14,7,0,0,0,1,6,5,0.24,0.397,0.417,0.167,1,21,13,16,10,53,32,8,4,6,4,0,1,0,1.525,1.692,0.474
L,3,4,28/5/2021,48269,CAL,MTL,Rhianna Kurio,F,17.45,0,0.181,0,0,0,2,1,1,1,1,0,1,12,6,0,1,0,1,4,2,0.18,0.333,0.48,1,2,23,14,16,11,70,39,7,6,3,3,1,0,0,0.855,2.124,0.287
L,3,4,28/5/2021,48269,CAL,MTL,Kaitlin Willoughby,F,6.57,0,0.017,0,0,0,1,1,0,0,0,0,0,0,0,0,0,0,0,2,0,0.06,0.286,0.48,0,1,12,5,6,3,22,19,5,3,2,1,1,0,1,0.035,0.85,0.04
L,3,4,28/5/2021,48269,CAL,MTL,Iya Gavrilova,F,11.2,0,0.028,0,0,0,1,1,1,1,0,0,0,4,2,1,0,0,2,1,2,0.09,0.202,0.569,0.333,1,21,11,12,8,49,35,6,3,6,3,1,1,1,0.126,1.416,0.082
L,3,4,28/5/2021,48269,CAL,MTL,Laura Dostaler,F,12.32,0,0,0,0,0,0,0,0,0,0,0,0,3,2,0,0,0,0,3,1,0.13,0.295,0.483,0.143,0,17,9,8,5,49,35,7,1,4,3,0,0,0,0.096,0.621,0.134
L,3,4,28/5/2021,48269,CAL,MTL,Sarah Potomak,F,26.45,1,1.219,0,0,0,10,7,7,5,2,1,4,17,10,1,0,0,8,6,9,0.46,0.452,0.379,0.333,2,21,14,13,9,74,46,8,3,6,1,1,0,1,2.273,1.846,0.552
L,3,4,28/5/2021,48269,CAL,MTL,Samantha Cogan,F,19.16,0,0.138,0,0,0,3,1,0,0,0,1,0,9,5,1,0,0,1,4,2,0.24,0.362,0.435,0.25,0,16,8,10,5,57,34,8,3,4,1,0,0,0,1.622,1.496,0.52
L,3,4,28/5/2021,48269,CAL,MTL,Alexandra Poznikoff,F,13.01,0,0,0,0,0,0,0,0,0,0,0,0,8,4,0,0,0,0,3,2,0.24,0.327,0.43,0.4,2,20,10,9,6,36,24,6,2,2,3,1,0,1,0.05,1.227,0.039
W,4,3,28/5/2021,48269,MTL,CAL,Laura Stacey,F,21.08,0,0.784,2,1,1,8,5,5,2,0,2,0,20,6,0,1,1,5,5,5,1.04,0.464,0.368,0.667,3,23,11,14,9,56,34,4,8,6,0,1,0,0,2.384,1.131,0.678
W,4,3,28/5/2021,48269,MTL,CAL,Jill Saulnier,F,21.11,0,0.39,1,0,1,4,3,2,1,1,0,0,12,6,2,2,1,4,5,8,0.39,0.443,0.388,0.25,0,12,6,4,3,67,41,2,1,2,0,2,1,0,1.785,0.646,0.734
W,4,3,28/5/2021,48269,MTL,CAL,Marie-Philip Poulin,F,24.23,1,0.423,1,1,0,5,4,3,2,1,1,0,31,26,3,0,0,6,7,9,1.1,0.496,0.366,0.529,1,25,11,16,9,74,46,3,7,7,1,2,0,2,2.265,1.408,0.617
W,4,3,28/5/2021,48269,MTL,CAL,Kristin O'Neill,F,12.4,1,0.391,0,0,0,6,4,3,2,0,1,1,6,5,0,0,0,3,4,2,0.2,0.491,0.278,0.3,0,8,6,4,3,21,10,1,2,0,1,2,0,1,1.642,0.421,0.796
W,4,3,28/5/2021,48269,MTL,CAL,Rebecca Leslie,F,12.31,0,0.373,0,0,0,8,3,1,3,0,0,0,10,5,2,0,0,3,5,7,0.2,0.395,0.339,0.333,0,10,6,8,4,30,18,3,3,0,2,3,0,0,0.534,0.808,0.398
W,4,3,28/5/2021,48269,MTL,CAL,Emily Clark,F,23.2,0,0.16,1,1,0,3,3,1,0,1,0,0,17,9,1,0,0,2,4,4,0.48,0.475,0.339,0,3,21,11,14,9,52,28,5,9,4,1,2,1,0,1.864,1.267,0.595
W,4,3,28/5/2021,48269,MTL,CAL,Jessie Eldridge,F,18.4,1,0.815,1,1,0,13,8,5,2,3,2,0,18,11,3,1,1,8,6,4,0.39,0.497,0.31,0.25,0,10,4,3,2,30,10,0,3,0,0,1,0,0,1.759,0.357,0.831
W,4,3,28/5/2021,48269,MTL,CAL,Sarah Lefort,F,15.43,0,0.061,0,0,0,3,0,0,0,1,1,0,10,7,3,1,1,3,5,3,0.23,0.382,0.397,0,1,15,7,7,6,53,31,2,5,2,0,2,0,0,0.726,1.096,0.398
W,4,3,28/5/2021,48269,MTL,CAL,Alexandra Labelle,F,18.4,1,0.948,0,0,0,5,4,4,0,3,1,1,17,9,2,1,1,6,4,2,0.3,0.469,0.309,0.5,0,12,5,8,4,27,14,3,5,0,1,1,1,0,1.798,0.917,0.662
W,4,3,28/5/2021,48269,MTL,CAL,Catherine Dubois,F,6.25,0,0,0,0,0,0,0,0,0,0,0,0,1,1,0,0,0,0,0,0,0.01,0.319,0.445,0,0,9,5,7,4,18,11,2,3,1,1,1,1,0,0.034,0.78,0.042
W,3,2,29/5/2021,48270,CAL,TOR,Rebecca Johnston,F,24.17,0,0.468,2,2,0,6,5,4,1,0,0,1,23,16,2,1,0,6,8,6,1.09,0.342,0.461,0.455,0,29,16,18,12,109,76,9,3,8,2,3,0,1,1.772,1.607,0.524
W,3,2,29/5/2021,48270,CAL,TOR,Blayre Turnbull,F,24.32,1,0.318,1,0,1,4,4,3,1,2,0,1,24,18,3,1,0,6,6,8,1.06,0.337,0.485,0.636,0,37,21,24,16,107,78,10,7,8,2,5,1,0,1.736,2.115,0.451
W,3,2,29/5/2021,48270,CAL,TOR,Hanna Bunton,F,20.58,0,0.035,0,0,0,4,3,0,0,0,0,0,10,8,1,0,0,1,2,4,0.38,0.336,0.49,0,2,34,16,16,11,89,60,5,3,7,4,2,0,0,0.481,1.505,0.242
W,3,2,29/5/2021,48270,CAL,TOR,Rhianna Kurio,F,15.08,0,0.019,0,0,0,2,1,0,0,0,0,0,2,1,0,0,0,0,1,3,0.15,0.311,0.504,0.125,1,35,17,15,9,60,42,7,5,5,1,3,0,0,0.27,1.494,0.153
W,3,2,29/5/2021,48270,CAL,TOR,Kaitlin Willoughby,F,12.08,0,0.029,0,0,0,1,1,0,0,0,0,0,3,1,0,0,0,0,3,2,0.13,0.343,0.457,0.5,0,14,4,5,3,44,26,0,2,1,0,1,0,0,0.078,0.479,0.141
W,3,2,29/5/2021,48270,CAL,TOR,Iya Gavrilova,F,10.18,0,0,0,0,0,0,0,0,0,0,0,0,5,3,0,1,0,0,4,1,0.03,0.356,0.406,0,0,14,6,6,5,24,12,1,2,1,0,0,0,0,0.32,0.688,0.317
W,3,2,29/5/2021,48270,CAL,TOR,Laura Dostaler,F,11.01,0,0.005,0,0,0,1,0,0,0,0,0,0,7,5,0,0,0,0,3,0,0.15,0.372,0.436,0.25,0,17,6,10,6,29,17,2,3,2,0,1,0,0,0.114,0.801,0.125
W,3,2,29/5/2021,48270,CAL,TOR,Sarah Potomak,F,27.5,2,0.946,1,0,1,5,5,4,2,1,1,1,13,11,2,0,0,6,7,3,0.34,0.369,0.44,0.455,0,35,20,22,15,108,71,8,1,10,5,3,0,0,1.971,1.857,0.515
W,3,2,29/5/2021,48270,CAL,TOR,Samantha Cogan,F,20.19,0,0.02,0,0,0,2,1,0,0,0,0,0,9,6,0,1,1,0,4,4,0.19,0.329,0.476,0.4,1,32,14,14,8,88,66,6,5,5,3,3,0,0,0.381,1.207,0.24
W,3,2,29/5/2021,48270,CAL,TOR,Alexandra Poznikoff,F,17.29,0,0.15,0,0,0,3,1,1,1,0,0,0,8,5,0,0,0,1,4,3,0.29,0.348,0.463,0.25,1,30,16,16,12,68,50,8,3,6,2,3,0,3,0.19,1.584,0.107
L,2,3,29/5/2021,48270,TOR,CAL,Brianne Jenner,F,21.58,0,0.262,0,0,0,5,3,2,0,2,1,0,20,10,0,0,0,2,4,3,0.35,0.562,0.253,0.25,2,11,9,8,6,42,29,5,4,3,0,2,0,0,2.142,1.32,0.619
L,2,3,29/5/2021,48270,TOR,CAL,Sarah Nurse,F,24.26,0,0.814,1,1,0,16,8,7,2,6,2,1,23,17,3,0,0,10,8,7,0.51,0.499,0.314,0.111,0,25,8,7,4,55,39,2,1,1,1,1,0,1,2.483,0.785,0.76
L,2,3,29/5/2021,48270,TOR,CAL,Natalie Spooner,F,21.18,0,0.426,0,0,0,6,6,5,1,1,0,0,11,7,2,0,0,7,2,1,0.29,0.529,0.303,0.167,0,18,11,4,4,53,39,3,0,1,0,1,0,0,1.946,0.578,0.771
L,2,3,29/5/2021,48270,TOR,CAL,Loren Gabel,F,12.32,0,0.357,0,0,0,7,2,1,1,1,1,1,9,7,0,1,1,1,0,3,0.26,0.453,0.352,0.167,2,9,8,5,5,23,10,1,2,0,1,1,0,0,0.744,0.895,0.454
L,2,3,29/5/2021,48270,TOR,CAL,Jamie Lee Rattray,F,21.03,1,0.802,0,0,0,12,7,5,2,4,1,2,32,19,4,0,0,9,10,11,1.12,0.537,0.277,0.6,2,11,9,8,6,45,29,5,4,3,0,2,0,0,2.038,1.32,0.607
L,2,3,29/5/2021,48270,TOR,CAL,Victoria Bach,F,17.45,0,0.177,1,1,0,3,2,2,1,0,0,0,20,11,1,1,1,3,7,9,1.08,0.5,0.303,0.2,0,17,4,6,3,25,14,0,1,1,1,1,0,0,1.134,0.634,0.641
L,2,3,29/5/2021,48270,TOR,CAL,Brittany Howard,F,16.39,0,0.241,0,0,0,4,2,2,1,0,0,0,20,15,1,0,0,3,3,2,0.52,0.475,0.341,0.222,1,15,4,6,3,27,14,0,1,1,2,0,0,1,1.144,0.455,0.715
L,2,3,29/5/2021,48270,TOR,CAL,Nicole Kosta,F,11.04,0,0.219,0,0,0,6,2,1,0,1,1,0,11,5,0,0,0,1,5,2,0.21,0.437,0.375,0.333,1,7,6,2,2,24,12,0,0,0,1,0,3,0,0.315,0.198,0.614
L,2,3,29/5/2021,48270,TOR,CAL,Shannon Stewart,F,5.58,0,0.427,0,0,0,3,3,3,0,0,0,2,5,3,0,0,0,3,2,0,0.1,0.531,0.291,0,0,7,2,0,0,7,5,0,0,0,0,0,0,0,0.8,0.043,0.949
L,2,3,29/5/2021,48270,TOR,CAL,Kristen Richards,F,8.08,0,0,0,0,0,0,0,0,0,0,0,0,1,1,0,0,0,0,2,1,0.04,0.369,0.462,0,0,10,3,1,1,25,18,1,0,1,0,0,0,0,0.44,0.1,0.815
L,2,3,29/5/2021,48270,TOR,CAL,Kayla Vespa,F,9.12,0,0.102,0,0,0,1,1,1,1,0,0,0,8,5,1,1,1,2,1,0,0.12,0.495,0.289,0.333,1,6,3,2,1,18,13,2,1,1,0,0,0,0,0.637,0.203,0.758
L,2,3,29/5/2021,48270,TOR,CAL,Madison Field,F,5.02,0,0,0,0,0,0,0,0,0,0,0,0,3,1,0,0,0,0,1,1,0.05,0.443,0.386,0,0,4,0,0,0,10,8,0,0,0,0,0,0,1,0.367,0.021,0.946
W,4,2,30/5/2021,48531,MTL,TOR,Laura Stacey,F,20.45,0,0.017,1,1,0,2,0,0,0,0,0,0,8,5,0,0,0,0,5,3,0.4,0.33,0.436,0.5,1,23,15,9,7,45,22,2,6,0,0,0,0,0,1.196,0.805,0.598
W,4,2,30/5/2021,48531,MTL,TOR,Jill Saulnier,F,20.15,0,0.176,1,0,1,1,0,0,1,0,0,1,7,3,2,0,0,2,5,3,0.18,0.326,0.458,0.273,1,29,12,10,6,64,35,5,4,3,1,0,0,1,1.595,0.976,0.62
W,4,2,30/5/2021,48531,MTL,TOR,Marie-Philip Poulin,F,24.16,1,0.738,2,2,0,8,6,5,3,2,1,2,14,10,0,2,1,5,10,6,0.4,0.364,0.421,0.5,1,27,12,8,4,66,34,4,2,2,1,0,1,0,1.93,0.834,0.698
W,4,2,30/5/2021,48531,MTL,TOR,Kristin O'Neill,F,12.58,0,0.107,0,0,0,2,0,0,0,0,1,0,9,7,0,1,0,0,2,2,0.2,0.495,0.311,0.333,0,8,3,5,3,8,4,1,2,0,0,0,0,0,0.525,0.405,0.565
W,4,2,30/5/2021,48531,MTL,TOR,Rebecca Leslie,F,11.09,0,0.473,0,0,0,4,2,2,2,0,0,0,1,0,0,0,0,2,4,2,0.06,0.444,0.323,0.25,0,6,2,3,1,12,7,1,1,0,0,0,1,0,0.729,0.221,0.767
W,4,2,30/5/2021,48531,MTL,TOR,Emily Clark,F,26.56,0,0.138,0,0,0,6,4,0,0,0,0,0,6,1,0,0,0,0,10,6,0.21,0.326,0.448,0.214,1,33,19,12,8,65,33,4,6,1,1,0,0,0,1.495,1.135,0.568
W,4,2,30/5/2021,48531,MTL,TOR,Jessie Eldridge,F,18.48,1,0.685,1,1,0,8,6,2,3,0,0,1,11,8,3,0,0,5,7,4,0.26,0.367,0.421,0.286,1,25,11,9,5,39,21,3,3,2,1,0,0,0,1.755,0.841,0.676
W,4,2,30/5/2021,48531,MTL,TOR,Sarah Lefort,F,17.03,1,1.023,0,0,0,3,2,0,0,0,0,0,2,2,0,0,0,0,7,2,0.12,0.302,0.433,0,1,24,13,10,6,39,21,2,5,1,1,0,0,1,1.084,0.882,0.552
W,4,2,30/5/2021,48531,MTL,TOR,Alexandra Labelle,F,11.15,0,0.044,0,0,0,1,1,1,1,0,0,0,8,6,1,0,0,2,4,1,0.22,0.49,0.29,0.4,0,5,2,3,1,5,3,0,2,0,0,0,0,0,0.555,0.203,0.732
W,4,2,30/5/2021,48531,MTL,TOR,Catherine Dubois,F,3.48,1,0.216,0,0,0,2,1,1,0,0,1,0,2,2,0,0,0,1,1,1,0.14,0.468,0.38,0.333,0,5,2,1,0,11,7,0,1,0,0,0,0,0,0.247,0.104,0.705
L,2,4,30/5/2021,48531,TOR,MTL,Brianne Jenner,F,27.09,1,0.498,0,0,0,8,3,3,2,1,1,0,17,8,0,0,0,3,5,6,0.37,0.41,0.395,0.444,4,29,18,13,10,67,42,5,7,0,1,5,0,0,1.014,2.974,0.254
L,2,4,30/5/2021,48531,TOR,MTL,Sarah Nurse,F,23.58,1,0.246,1,1,0,9,7,4,4,0,0,0,15,10,0,1,1,4,9,13,0.33,0.475,0.294,0.143,1,13,7,3,2,23,12,2,2,0,1,0,1,1,0.831,1.444,0.365
L,2,4,30/5/2021,48531,TOR,MTL,Natalie Spooner,F,26.14,0,0.371,0,0,0,8,5,3,3,0,1,0,10,3,0,1,0,3,10,8,0.32,0.429,0.332,0.333,0,21,9,6,3,35,23,4,4,1,1,0,0,0,1.042,0.957,0.521
L,2,4,30/5/2021,48531,TOR,MTL,Loren Gabel,F,13.31,0,0.232,0,0,0,4,2,1,1,1,0,0,7,3,1,0,0,2,3,2,0.13,0.416,0.335,0.667,0,9,2,3,0,13,10,1,1,1,1,0,0,0,0.769,0.408,0.654
L,2,4,30/5/2021,48531,TOR,MTL,Jamie Lee Rattray,F,24.18,0,0.05,0,0,0,3,2,1,1,0,0,0,17,10,1,0,0,2,8,3,0.34,0.412,0.383,0.533,3,20,14,11,9,56,32,3,7,1,0,5,1,0,0.977,2.433,0.286
L,2,4,30/5/2021,48531,TOR,MTL,Victoria Bach,F,21.44,0,0.317,0,0,0,8,6,2,1,1,0,0,19,9,1,0,0,3,5,10,1.02,0.469,0.306,0.333,2,15,8,5,3,19,8,3,2,0,2,0,0,1,0.846,1.764,0.324
L,2,4,30/5/2021,48531,TOR,MTL,Brittany Howard,F,15.18,0,0.143,0,0,0,4,2,1,0,0,0,0,9,5,0,0,0,1,2,0,0.29,0.422,0.352,0.364,2,14,10,8,5,25,11,4,5,0,2,3,0,1,0.413,1.089,0.275
L,2,4,30/5/2021,48531,TOR,MTL,Nicole Kosta,F,12.17,0,0.076,0,0,0,1,0,0,0,1,0,0,1,1,0,0,0,0,2,0,0.07,0.353,0.384,0,1,13,5,4,1,22,13,1,2,2,1,0,0,0,0.6,1.338,0.309
L,2,4,30/5/2021,48531,TOR,MTL,Shannon Stewart,F,1.27,0,0,0,0,0,0,0,0,0,0,0,0,0,0,0,0,0,0,0,0,0,0.273,0.463,0,0,1,1,1,1,0,0,0,1,0,0,0,0,0,0,0.225,0
L,2,4,30/5/2021,48531,TOR,MTL,Kristen Richards,F,2.1,0,0.066,0,0,0,1,0,0,0,0,0,0,0,0,0,0,0,0,0,0,0,0.207,0.626,0,0,2,0,0,0,16,7,0,0,0,0,0,0,0,0.077,0.064,0.546
L,2,4,30/5/2021,48531,TOR,MTL,Kayla Vespa,F,6.21,0,0.027,0,0,0,2,2,0,0,0,0,0,3,1,0,0,0,0,2,2,0.08,0.403,0.374,1,0,4,2,0,0,11,7,0,0,0,0,0,0,0,0.381,0.048,0.888
L,2,4,30/5/2021,48531,TOR,MTL,Madison Field,F,1.15,0,0,0,0,0,0,0,0,0,0,0,0,0,0,0,0,0,0,0,0,0,0.591,0.164,0,0,0,0,0,0,0,0,0,0,0,0,0,0,0,0.021,0,1